{"stats":{"minecraft:custom":{"minecraft:time_since_rest":15,"minecraft:sprint_one_cm":166074,"minecraft:damage_taken":1823,"minecraft:walk_one_cm":136840,"minecraft:mob_kills":5,"minecraft:drop":5,"minecraft:damage_dealt":1177,"minecraft:talked_to_villager":1,"minecraft:swim_one_cm":47992,"minecraft:interact_with_crafting_table":3,"minecraft:fly_one_cm":153610,"minecraft:open_barrel":4,"minecraft:play_time":62083,"minecraft:crouch_one_cm":11704,"minecraft:deaths":6,"minecraft:sneak_time":4966,"minecraft:walk_under_water_one_cm":3941,"minecraft:jump":979,"minecraft:leave_game":3,"minecraft:walk_on_water_one_cm":15490,"minecraft:time_since_death":1740,"minecraft:sleep_in_bed":7,"minecraft:interact_with_smoker":5,"minecraft:total_world_time":62083,"minecraft:fall_one_cm":25045},"minecraft:mined":{"vampirism:tent":1,"minecraft:crafting_table":1,"minecraft:grass_block":3,"minecraft:grass":13,"minecraft:acacia_log":8,"minecraft:dirt":2,"minecraft:campfire":22,"minecraft:sand":17,"minecraft:glass":4,"minecraft:acacia_planks":2,"minecraft:green_bed":8},"minecraft:picked_up":{"minecraft:charcoal":42,"minecraft:crafting_table":1,"vampirism:item_tent":1,"minecraft:cooked_porkchop":31,"minecraft:green_bed":8,"minecraft:acacia_log":8,"minecraft:porkchop":36,"minecraft:sand":16,"minecraft:dirt":5,"minecraft:string":1,"hiccups_legacy:dragon_manual":1,"minecraft:rotten_flesh":1,"minecraft:acacia_planks":2,"minecraft:wheat_seeds":1,"minecraft:iron_ingot":5,"minecraft:poppy":2,"minecraft:oak_planks":1,"minecraft:acacia_sapling":2},"minecraft:dropped":{"minecraft:cooked_porkchop":31,"hiccups_legacy:dragon_manual":1,"minecraft:wooden_pickaxe":1,"minecraft:acacia_planks":1},"minecraft:used":{"minecraft:wooden_axe":25,"minecraft:cactus":1,"minecraft:green_bed":8,"minecraft:dirt":5,"minecraft:wooden_sword":30,"minecraft:sand":16,"minecraft:crafting_table":2,"minecraft:cooked_porkchop":3,"minecraft:porkchop":3,"tombstone:gift":2,"minecraft:acacia_planks":15},"minecraft:killed_by":{"the_impersonator:the_impersonator":1,"assimilator:assimilator":1,"the_mangle:the_mangle":2,"minecraft:zombie":1},"minecraft:killed":{"vampirism:vampire":2,"alexsmobs:seal":2,"minecraft:spider":1},"minecraft:crafted":{"minecraft:wooden_sword":1,"minecraft:cooked_porkchop":33,"minecraft:crafting_table":1,"minecraft:stick":8,"minecraft:wooden_pickaxe":1,"minecraft:wooden_axe":1,"minecraft:acacia_planks":32,"minecraft:air":0}},"DataVersion":3120}