{"stats":{"minecraft:picked_up":{"minecraft:wooden_axe":1,"minecraft:stick":10,"decayingmobsbackport:spirit_of_the_snatcher":1,"minecraft:jungle_log":63,"minecraft:torch":1,"minecraft:wooden_pickaxe":1,"minecraft:sand":7,"minecraft:smooth_sandstone_stairs":1,"gravestone:obituary":2,"minecraft:golden_sword":1,"minecraft:cyan_bed":1,"alexsmobs:animal_dictionary":1,"minecraft:smooth_sandstone_slab":1,"minecraft:red_sand":18,"minecraft:hay_block":6,"alexsmobs:emu_egg":2,"minecraft:azalea":10,"minecraft:flowering_azalea":2},"minecraft:crafted":{"minecraft:crafting_table":1,"minecraft:stick":4,"minecraft:wooden_axe":1,"minecraft:jungle_planks":28},"minecraft:used":{"minecraft:wooden_axe":64,"minecraft:red_sand":15,"minecraft:cyan_bed":1,"minecraft:smooth_sandstone_slab":1,"minecraft:wooden_pickaxe":1,"minecraft:smooth_sandstone_stairs":1,"minecraft:golden_sword":5,"minecraft:sand":5,"minecraft:hay_block":6,"minecraft:crafting_table":1,"alexsmobs:animal_dictionary":2,"alexsmobs:emu_egg":1},"minecraft:custom":{"minecraft:time_since_rest":590,"minecraft:sprint_one_cm":120499,"minecraft:damage_taken":3548,"minecraft:walk_one_cm":121393,"minecraft:damage_dealt":1098,"minecraft:interact_with_crafting_table":2,"minecraft:swim_one_cm":12071,"minecraft:talked_to_villager":3,"minecraft:player_kills":3,"minecraft:fly_one_cm":265317,"minecraft:open_chest":10,"minecraft:crouch_one_cm":19653,"minecraft:play_time":92464,"minecraft:deaths":13,"minecraft:sneak_time":10695,"minecraft:walk_under_water_one_cm":1211,"minecraft:jump":1265,"minecraft:leave_game":3,"minecraft:interact_with_blast_furnace":1,"minecraft:time_since_death":562,"minecraft:walk_on_water_one_cm":3774,"minecraft:sleep_in_bed":3,"minecraft:total_world_time":92464,"minecraft:climb_one_cm":318,"minecraft:fall_one_cm":27328},"minecraft:broken":{"minecraft:wooden_axe":1},"minecraft:killed_by":{"jacky:jacky":2,"minecraft:player":3,"assimilator:assimilator":3,"the_mangle:the_mangle":3,"minecraft:skeleton":1,"siren_head:siren_head":1},"minecraft:killed":{"decayingmobsbackport:half_pig":1},"minecraft:mined":{"minecraft:hay_block":7,"gravestone:gravestone":9,"minecraft:red_sand":19,"minecraft:vine":1,"minecraft:jungle_log":67,"minecraft:dead_bush":8,"minecraft:sand":7,"minecraft:smooth_sandstone_stairs":1,"minecraft:azalea_leaves":3,"minecraft:cyan_bed":1,"minecraft:wall_torch":2}},"DataVersion":3120}