{"stats":{"minecraft:killed":{"minecraft:wandering_trader":1,"decayingmobsbackport:half_pig":1,"minecraft:trader_llama":2,"decayingmobsbackport:limb_snatcher_victim":2},"minecraft:broken":{"minecraft:wooden_axe":3},"minecraft:picked_up":{"minecraft:wooden_axe":4,"minecraft:crafting_table":2,"minecraft:wheat":1,"minecraft:jungle_log":176,"minecraft:leather":3,"minecraft:lead":4,"minecraft:wooden_pickaxe":5,"minecraft:smooth_sandstone_stairs":1,"gravestone:obituary":14,"minecraft:golden_sword":1,"minecraft:dirt":1,"minecraft:moss_carpet":1,"minecraft:orange_terracotta":2,"minecraft:smooth_sandstone":13,"minecraft:bone":3,"minecraft:wheat_seeds":4,"minecraft:red_sand":34,"minecraft:azalea":25,"minecraft:poppy":1,"minecraft:moss_block":3,"minecraft:sugar_cane":4,"minecraft:flowering_azalea":5,"minecraft:stick":30,"decayingmobsbackport:spirit_of_the_snatcher":1,"minecraft:torch":1,"minecraft:green_bed":1,"minecraft:sand":30,"minecraft:jungle_planks":3,"minecraft:cyan_bed":2,"alexsmobs:animal_dictionary":1,"minecraft:smooth_sandstone_slab":9,"minecraft:rotten_flesh":1,"minecraft:hay_block":6,"alexsmobs:emu_egg":3,"minecraft:bread":3,"minecraft:terracotta":1,"minecraft:cobblestone":3},"minecraft:killed_by":{"decayingmobsbackport:weeping_chaser":2,"minecraft:player":20,"sackman:sackman":1,"minecraft:skeleton":1,"minecraft:zombie":1,"thebeastinthedark:the_dark_beast":6,"jacky:jacky":3,"assimilator:assimilator":3,"the_mangle:the_mangle":4,"decayingmobsbackport:limb_snatcher":1,"siren_head:siren_head":1,"krampus:krampus":1},"minecraft:dropped":{"gravestone:obituary":6},"minecraft:used":{"minecraft:red_sand":15,"minecraft:smooth_sandstone_slab":5,"minecraft:wooden_pickaxe":8,"minecraft:smooth_sandstone_stairs":1,"minecraft:sand":7,"minecraft:crafting_table":3,"minecraft:jungle_planks":37,"minecraft:wooden_axe":233,"minecraft:cyan_bed":2,"minecraft:golden_sword":5,"minecraft:wooden_sword":3,"minecraft:hay_block":6,"alexsmobs:animal_dictionary":2,"alexsmobs:emu_egg":2},"minecraft:mined":{"minecraft:flowering_azalea":1,"minecraft:smooth_sandstone":2,"minecraft:crafting_table":1,"gravestone:gravestone":34,"minecraft:red_sand":23,"minecraft:jungle_planks":2,"minecraft:jungle_log":198,"minecraft:dead_bush":13,"minecraft:cobblestone":1,"minecraft:cyan_bed":5,"minecraft:sugar_cane":2,"minecraft:moss_block":2,"minecraft:wall_torch":2,"minecraft:hay_block":7,"minecraft:lime_bed":1,"minecraft:wheat":1,"minecraft:moss_carpet":1,"minecraft:vine":1,"minecraft:sand":25,"minecraft:dirt":1,"minecraft:smooth_sandstone_stairs":1,"minecraft:azalea_leaves":4,"minecraft:green_bed":2},"minecraft:crafted":{"minecraft:crafting_table":2,"minecraft:jungle_planks":88,"minecraft:stick":8,"minecraft:wooden_axe":4},"minecraft:custom":{"minecraft:mob_kills":5,"minecraft:interact_with_crafting_table":6,"minecraft:leave_game":6,"minecraft:time_since_death":1181,"minecraft:sleep_in_bed":3,"minecraft:climb_one_cm":318,"minecraft:time_since_rest":1227,"minecraft:sprint_one_cm":256751,"minecraft:damage_taken":11378,"minecraft:walk_one_cm":205298,"minecraft:drop":6,"minecraft:damage_dealt":4600,"minecraft:swim_one_cm":23371,"minecraft:talked_to_villager":3,"minecraft:player_kills":11,"minecraft:fly_one_cm":521682,"minecraft:open_chest":12,"minecraft:crouch_one_cm":25922,"minecraft:play_time":178336,"minecraft:deaths":44,"minecraft:sneak_time":14704,"minecraft:walk_under_water_one_cm":2342,"minecraft:jump":2616,"minecraft:interact_with_blast_furnace":1,"minecraft:walk_on_water_one_cm":11557,"minecraft:total_world_time":178336,"minecraft:fall_one_cm":56777}},"DataVersion":3120}