{"stats":{"minecraft:killed":{"minecraft:iron_golem":2,"decayingmobsbackport:half_pig":1,"decayingmobsbackport:hunted_zombie":2,"alexsmobs:roadrunner":1,"alexsmobs:kangaroo":2},"minecraft:picked_up":{"minecraft:wooden_axe":3,"minecraft:lime_bed":3,"minecraft:wheat":10,"minecraft:feather":1,"minecraft:flower_pot":3,"minecraft:cut_sandstone":34,"minecraft:wooden_pickaxe":7,"minecraft:smooth_sandstone_stairs":1,"gravestone:obituary":74,"minecraft:dirt":1,"minecraft:orange_terracotta":4,"minecraft:smooth_sandstone":33,"minecraft:bone":3,"minecraft:wheat_seeds":29,"minecraft:red_sand":43,"minecraft:grindstone":1,"minecraft:iron_ingot":13,"minecraft:poppy":6,"minecraft:chest":2,"minecraft:iron_sword":2,"minecraft:stick":48,"decayingmobsbackport:spirit_of_the_snatcher":1,"minecraft:jungle_door":4,"minecraft:torch":12,"minecraft:green_bed":1,"minecraft:sandstone_wall":6,"minecraft:sand":12,"minecraft:jungle_planks":111,"minecraft:cyan_bed":5,"minecraft:chiseled_sandstone":1,"minecraft:green_carpet":1,"minecraft:spider_eye":5,"alexsmobs:animal_dictionary":2,"minecraft:dark_oak_planks":1,"minecraft:smooth_sandstone_slab":17,"minecraft:light_gray_terracotta":4,"alexsmobs:kangaroo_hide":2,"minecraft:rotten_flesh":2,"minecraft:hay_block":6,"alexsmobs:tarantula_hawk_wing_fragment":1,"minecraft:yellow_terracotta":4,"alexsmobs:emu_egg":4,"minecraft:bread":36,"minecraft:white_terracotta":4,"minecraft:terracotta":12,"minecraft:obsidian":7,"alexsmobs:kangaroo_meat":2,"minecraft:cobblestone":28},"minecraft:killed_by":{"decayingmobsbackport:weeping_chaser":2,"alexsmobs:tarantula_hawk":1,"the_impersonator:the_impersonator":1,"minecraft:iron_golem":2,"thebeastinthedark:the_dark_beast":4,"jacky:jacky":1,"siren_head:siren_head":2},"minecraft:used":{"minecraft:red_sand":38,"minecraft:stone_shovel":42,"minecraft:ender_pearl":1,"minecraft:wooden_pickaxe":37,"minecraft:iron_sword":42,"minecraft:cut_sandstone":13,"minecraft:green_bed":1,"minecraft:torch":8,"minecraft:sand":10,"minecraft:terracotta":12,"minecraft:crafting_table":1,"minecraft:lime_bed":2,"minecraft:jungle_planks":28,"minecraft:smooth_sandstone":32,"minecraft:cyan_bed":5,"minecraft:bread":8,"minecraft:iron_pickaxe":98,"minecraft:cobblestone":25,"minecraft:hay_block":1,"minecraft:jungle_door":1},"minecraft:dropped":{"minecraft:iron_ingot":2,"minecraft:bread":3,"minecraft:iron_sword":2,"minecraft:stick":1,"minecraft:wooden_axe":2,"gravestone:obituary":67,"minecraft:spider_eye":5,"minecraft:sand":1,"minecraft:red_sand":1,"minecraft:wooden_pickaxe":6,"minecraft:smooth_sandstone":1,"minecraft:bone":2},"minecraft:mined":{"minecraft:yellow_terracotta":2,"minecraft:cut_sandstone":32,"minecraft:jungle_door":1,"minecraft:orange_terracotta":2,"minecraft:potted_cactus":1,"minecraft:smooth_sandstone":29,"minecraft:torch":2,"minecraft:light_gray_terracotta":2,"gravestone:gravestone":21,"minecraft:red_sand":37,"minecraft:jungle_planks":2,"minecraft:dead_bush":16,"minecraft:cobblestone":11,"minecraft:grindstone":1,"minecraft:cyan_bed":5,"minecraft:smooth_sandstone_slab":26,"minecraft:wall_torch":6,"minecraft:hay_block":4,"minecraft:white_terracotta":2,"minecraft:lime_bed":3,"minecraft:chiseled_sandstone":1,"minecraft:wheat":4,"minecraft:flower_pot":1,"minecraft:sand":15,"minecraft:green_carpet":1,"minecraft:sandstone_wall":6,"minecraft:smooth_sandstone_stairs":3,"minecraft:terracotta":13,"minecraft:green_bed":1},"minecraft:crafted":{"minecraft:stone_shovel":1,"minecraft:crafting_table":1,"minecraft:wooden_pickaxe":1,"minecraft:iron_sword":1,"minecraft:jungle_planks":20,"minecraft:stick":4,"minecraft:iron_pickaxe":1},"minecraft:custom":{"minecraft:mob_kills":7,"minecraft:interact_with_crafting_table":3,"minecraft:leave_game":3,"minecraft:time_since_death":0,"minecraft:sleep_in_bed":8,"minecraft:time_since_rest":1725,"minecraft:sprint_one_cm":130887,"minecraft:damage_taken":4886,"minecraft:walk_one_cm":191716,"minecraft:drop":93,"minecraft:damage_dealt":2727,"minecraft:swim_one_cm":4947,"minecraft:fly_one_cm":238361,"minecraft:open_chest":14,"minecraft:crouch_one_cm":31182,"minecraft:play_time":77370,"minecraft:deaths":17,"minecraft:sneak_time":10287,"minecraft:walk_under_water_one_cm":4328,"minecraft:jump":1184,"minecraft:walk_on_water_one_cm":2043,"minecraft:total_world_time":77370,"minecraft:fall_one_cm":50501}},"DataVersion":3120}