{"stats":{"minecraft:killed":{"decayingmobsbackport:half_pig":4,"alexsmobs:emu":2,"decayingmobsbackport:limb_snatcher_victim":1,"alexsmobs:fly":1},"minecraft:picked_up":{"minecraft:lime_bed":1,"minecraft:crafting_table":3,"minecraft:feather":1,"minecraft:flower_pot":1,"minecraft:jungle_log":64,"gravestone:obituary":24,"minecraft:dirt":23,"minecraft:string":2,"minecraft:smooth_sandstone":2,"minecraft:bone":2,"minecraft:red_sand":17,"minecraft:azalea":10,"minecraft:moss_block":1,"minecraft:flowering_azalea":3,"minecraft:stick":81,"minecraft:jungle_door":1,"minecraft:torch":3,"minecraft:green_bed":1,"minecraft:sand":36,"minecraft:cyan_bed":3,"minecraft:dark_oak_planks":13,"minecraft:smooth_sandstone_slab":1,"minecraft:light_gray_terracotta":5,"minecraft:rotten_flesh":2,"minecraft:arrow":1,"minecraft:cactus":2,"minecraft:hay_block":71,"minecraft:granite":1,"alexsmobs:emu_egg":7,"minecraft:bread":36,"alexsmobs:maggot":2,"minecraft:cobblestone":19,"minecraft:ender_pearl":1},"minecraft:killed_by":{"decayingmobsbackport:weeping_chaser":8,"minecraft:husk":4,"vivilly_dweller:vivilly_dweller":1,"minecraft:player":3,"simon_12:simon_12":2,"minecraft:spider":1,"thebeastinthedark:the_dark_beast":1,"jacky:jacky":3,"the_impersonator:the_impersonator":2,"assimilator:assimilator":2,"decayingmobsbackport:limb_snatcher":1,"the_mangle:the_mangle":1,"krampus:krampus":2},"minecraft:dropped":{"minecraft:bread":3,"alexsmobs:animal_dictionary":2,"minecraft:stick":2,"minecraft:dirt":1,"minecraft:wooden_axe":1,"minecraft:golden_sword":1,"gravestone:obituary":52,"minecraft:sand":1,"minecraft:red_sand":4,"minecraft:wooden_pickaxe":1,"minecraft:cactus":1,"minecraft:bone":1},"minecraft:used":{"alexsmobs:emu_egg":4,"minecraft:red_sand":5,"minecraft:smooth_sandstone_slab":1,"minecraft:wooden_pickaxe":33,"minecraft:green_bed":1,"minecraft:rotten_flesh":2,"minecraft:torch":3,"minecraft:dirt":16,"minecraft:sand":33,"minecraft:crafting_table":3,"minecraft:granite":1,"minecraft:flower_pot":1,"alexsmobs:maggot":2,"minecraft:wooden_axe":62,"minecraft:bread":32,"minecraft:cyan_bed":2,"minecraft:smooth_sandstone":2,"minecraft:golden_sword":19,"minecraft:hay_block":21,"minecraft:jungle_door":1,"alexsmobs:animal_dictionary":1},"minecraft:mined":{"minecraft:dark_oak_planks":13,"minecraft:potted_cactus":1,"minecraft:smooth_sandstone":2,"minecraft:crafting_table":3,"minecraft:light_gray_terracotta":5,"gravestone:gravestone":25,"minecraft:granite":1,"minecraft:red_sand":15,"minecraft:jungle_log":62,"minecraft:dead_bush":69,"minecraft:cobblestone":1,"minecraft:cyan_bed":3,"minecraft:moss_block":2,"minecraft:smooth_sandstone_slab":2,"minecraft:wall_torch":2,"minecraft:hay_block":69,"minecraft:lime_bed":1,"minecraft:flowering_azalea_leaves":2,"minecraft:vine":1,"minecraft:sand":37,"minecraft:dirt":21,"minecraft:cobweb":2,"minecraft:azalea_leaves":2,"minecraft:stone":21,"minecraft:green_bed":1},"minecraft:crafted":{"minecraft:wooden_sword":1,"minecraft:crafting_table":1,"minecraft:wooden_pickaxe":3,"minecraft:bread":39,"minecraft:jungle_planks":40,"minecraft:wooden_axe":3,"minecraft:golden_sword":2,"minecraft:wheat":108},"minecraft:custom":{"minecraft:mob_kills":10,"minecraft:interact_with_crafting_table":17,"minecraft:interact_with_cartography_table":1,"minecraft:bell_ring":1,"minecraft:leave_game":165,"minecraft:time_since_death":0,"minecraft:sleep_in_bed":9,"minecraft:climb_one_cm":112,"minecraft:time_since_rest":742,"minecraft:sprint_one_cm":424926,"minecraft:damage_taken":9075,"minecraft:walk_one_cm":223378,"minecraft:drop":69,"minecraft:damage_dealt":1431,"minecraft:swim_one_cm":14040,"minecraft:talked_to_villager":2,"minecraft:player_kills":2,"minecraft:fly_one_cm":1063007,"minecraft:open_chest":107,"minecraft:crouch_one_cm":47085,"minecraft:play_time":213578,"minecraft:sneak_time":22140,"minecraft:deaths":31,"minecraft:walk_under_water_one_cm":4292,"minecraft:jump":3431,"minecraft:walk_on_water_one_cm":19084,"minecraft:total_world_time":213578,"minecraft:fall_one_cm":87860}},"DataVersion":3120}