{"stats":{"minecraft:dropped":{"alexsmobs:animal_dictionary":1,"gravestone:obituary":18,"minecraft:cactus":1},"minecraft:picked_up":{"minecraft:stick":7,"minecraft:feather":1,"minecraft:jungle_door":1,"minecraft:flower_pot":1,"minecraft:torch":1,"minecraft:sand":13,"gravestone:obituary":5,"minecraft:cyan_bed":1,"minecraft:dirt":16,"minecraft:bone":2,"minecraft:arrow":1,"minecraft:cactus":2,"minecraft:rotten_flesh":1,"minecraft:red_sand":5,"minecraft:hay_block":53,"alexsmobs:emu_egg":6,"alexsmobs:maggot":2,"minecraft:ender_pearl":1},"minecraft:used":{"alexsmobs:emu_egg":4,"minecraft:flower_pot":1,"alexsmobs:maggot":2,"minecraft:bread":1,"minecraft:cyan_bed":1,"minecraft:rotten_flesh":1,"minecraft:torch":1,"minecraft:dirt":13,"minecraft:sand":7,"minecraft:hay_block":3,"minecraft:jungle_door":1},"minecraft:custom":{"minecraft:time_since_rest":3679,"minecraft:sprint_one_cm":164164,"minecraft:damage_taken":4760,"minecraft:walk_one_cm":80000,"minecraft:mob_kills":3,"minecraft:drop":20,"minecraft:damage_dealt":370,"minecraft:interact_with_crafting_table":5,"minecraft:interact_with_cartography_table":1,"minecraft:swim_one_cm":1515,"minecraft:talked_to_villager":1,"minecraft:fly_one_cm":585481,"minecraft:open_chest":61,"minecraft:crouch_one_cm":15209,"minecraft:bell_ring":1,"minecraft:play_time":67670,"minecraft:deaths":18,"minecraft:sneak_time":5508,"minecraft:walk_under_water_one_cm":538,"minecraft:jump":1501,"minecraft:leave_game":45,"minecraft:time_since_death":186,"minecraft:walk_on_water_one_cm":6235,"minecraft:sleep_in_bed":4,"minecraft:total_world_time":67670,"minecraft:fall_one_cm":40174},"minecraft:killed_by":{"decayingmobsbackport:weeping_chaser":5,"jacky:jacky":2,"the_impersonator:the_impersonator":2,"vivilly_dweller:vivilly_dweller":1,"simon_12:simon_12":1,"assimilator:assimilator":2,"the_mangle:the_mangle":1,"decayingmobsbackport:limb_snatcher":1,"minecraft:spider":1,"krampus:krampus":2},"minecraft:killed":{"decayingmobsbackport:limb_snatcher_victim":1,"alexsmobs:fly":1,"alexsmobs:emu":1},"minecraft:mined":{"minecraft:hay_block":53,"minecraft:potted_cactus":1,"gravestone:gravestone":13,"minecraft:red_sand":6,"minecraft:dead_bush":4,"minecraft:sand":13,"minecraft:dirt":15,"minecraft:cyan_bed":1,"minecraft:wall_torch":1}},"DataVersion":3120}