{"stats":{"minecraft:custom":{"minecraft:interact_with_crafting_table":22,"minecraft:open_barrel":29,"minecraft:leave_game":62,"minecraft:time_since_death":490,"minecraft:sprint_one_cm":944640,"minecraft:damage_blocked_by_shield":5845,"minecraft:drop":171,"minecraft:play_noteblock":1,"minecraft:talked_to_villager":5,"minecraft:play_time":584625,"minecraft:deaths":53,"minecraft:jump":9244,"minecraft:interact_with_brewingstand":1,"minecraft:walk_on_water_one_cm":52449,"minecraft:interact_with_furnace":16,"minecraft:interact_with_cartography_table":1,"minecraft:sleep_in_bed":17,"minecraft:waystone_activated":3,"tombstone:sneak_grave":81,"minecraft:damage_dealt":31612,"minecraft:player_kills":1,"minecraft:crouch_one_cm":220823,"tombstone:undead_killed":59,"minecraft:horse_one_cm":90932,"minecraft:mob_kills":92,"minecraft:damage_dealt_resisted":4452,"minecraft:climb_one_cm":13544,"minecraft:walk_one_cm":683684,"minecraft:sneak_time":94688,"minecraft:walk_under_water_one_cm":14930,"minecraft:total_world_time":584625,"minecraft:time_since_rest":1,"minecraft:damage_taken":21000,"minecraft:swim_one_cm":89591,"minecraft:fly_one_cm":1859433,"minecraft:open_chest":71,"minecraft:fall_one_cm":260290},"minecraft:mined":{"minecraft:dark_oak_planks":16,"minecraft:spruce_planks":50,"minecraft:acacia_log":101,"minecraft:grass_block":24,"minecraft:spawner":15,"minecraft:iron_ore":3,"minecraft:potted_red_mushroom":1,"minecraft:dark_oak_stairs":1,"minecraft:oak_stairs":3,"minecraft:iron_bars":1,"minecraft:light_gray_concrete":70,"minecraft:smooth_sandstone_stairs":1,"minecraft:spruce_wood":12,"minecraft:spruce_slab":2,"minecraft:tripwire":1,"minecraft:green_bed":16,"minecraft:cut_sandstone":4,"irons_spellbooks:pedestal":1,"minecraft:torch":1,"minecraft:dark_oak_wood":20,"minecraft:melon":3,"minecraft:chest":1,"minecraft:dead_bush":5,"minecraft:glass":2,"minecraft:cobblestone":19,"minecraft:birch_wood":10,"minecraft:cyan_bed":1,"minecraft:oak_planks":11,"minecraft:wall_torch":1,"minecraft:cyan_wool":3,"minecraft:wheat":1,"minecraft:grass":104,"minecraft:sand":167,"minecraft:dirt":27,"minecraft:smooth_quartz":127,"minecraft:netherrack":2,"minecraft:dark_prismarine":11,"minecraft:yellow_terracotta":3,"minecraft:candle":1,"minecraft:spruce_fence":2,"minecraft:hay_block":101,"dynamictrees:oak_leaves":2,"dynamictrees:spruce_leaves":6,"minecraft:bookshelf":4,"minecraft:stone":57,"dynamictrees:acacia_branch":125,"minecraft:acacia_leaves":3,"minecraft:scaffolding":1,"minecraft:crafting_table":6,"minecraft:oak_wood":5,"minecraft:tall_grass":14,"minecraft:air":83,"minecraft:spruce_stairs":2,"minecraft:birch_planks":8,"bossominium:guardian_sapling":1,"minecraft:coarse_dirt":1,"minecraft:birch_leaves":1,"minecraft:yellow_bed":2,"minecraft:red_wall_banner":3,"minecraft:coal_ore":7,"minecraft:cyan_carpet":15,"minecraft:cobweb":6,"minecraft:cracked_stone_bricks":3,"minecraft:terracotta":9,"minecraft:acacia_planks":33,"minecraft:stone_bricks":6},"minecraft:picked_up":{"minecraft:wooden_axe":2,"minecraft:iron_chestplate":2,"minecraft:wheat":3,"minecraft:flower_pot":1,"minecraft:suspicious_stew":2,"minecraft:diamond_sword":3,"minecraft:oak_stairs":3,"tombstone:grave_key":1,"minecraft:string":35,"irons_spellbooks:fire_ale":1,"alexsmobs:emu_feather":2,"alexsmobs:banana":1,"minecraft:spruce_planks":63,"minecraft:smooth_quartz":120,"minecraft:stick":26,"minecraft:acacia_log":89,"minecraft:torch":1,"minecraft:green_bed":16,"vampirism:vampire_fang":1,"tombstone:grave_dust":12,"irons_spellbooks:fire_rune":1,"minecraft:rotten_flesh":14,"minecraft:cobblestone":81,"minecraft:feather":3,"minecraft:potato":7,"minecraft:smooth_sandstone_stairs":2,"bossominium:guardian_sapling":1,"minecraft:map":4,"minecraft:dirt":53,"minecraft:bone":42,"minecraft:acacia_planks":114,"irons_spellbooks:pedestal":2,"minecraft:wheat_seeds":15,"minecraft:birch_wood":10,"minecraft:oak_planks":11,"minecraft:cooked_porkchop":10,"minecraft:sand":188,"dynamictrees:acacia_seed":3,"minecraft:cyan_bed":1,"alexsmobs:animal_dictionary":1,"minecraft:mossy_cobblestone":1,"minecraft:dark_prismarine":11,"minecraft:light_gray_concrete":69,"waystones:waystone":1,"minecraft:chainmail_helmet":2,"alexsmobs:maggot":1,"minecraft:mud":1,"minecraft:crafting_table":3,"minecraft:coarse_dirt":2,"blue_skies:blue_journal":1,"minecraft:brick":20,"minecraft:cornflower":1,"minecraft:wooden_sword":2,"hiccups_legacy:dragon_manual":3,"minecraft:cyan_carpet":12,"minecraft:cracked_stone_bricks":6,"minecraft:cyan_wool":2,"irons_spellbooks:epic_ink":3,"minecraft:poppy":1,"minecraft:spruce_slab":2,"minecraft:chest":2,"minecraft:raw_iron":3,"minecraft:sandstone":1,"minecraft:spruce_fence":2,"sophisticatedbackpacks:backpack":1,"minecraft:redstone":6,"minecraft:dark_oak_planks":16,"minecraft:arrow":16,"minecraft:hay_block":115,"minecraft:yellow_terracotta":3,"minecraft:saddle":1,"tombstone:essence_of_undeath":1,"minecraft:mutton":13,"minecraft:white_wool":7,"minecraft:cut_sandstone":3,"minecraft:red_mushroom":1,"minecraft:filled_map":1,"minecraft:birch_planks":5,"minecraft:yellow_bed":2,"minecraft:paper":4,"tombstone:gift":1,"minecraft:apple":2,"minecraft:stone_bricks":6,"minecraft:spruce_wood":11,"minecraft:iron_ingot":8,"minecraft:stone_pickaxe":1,"tombstone:bag_of_seeds":1,"minecraft:acacia_sapling":7,"minecraft:scaffolding":6,"minecraft:book":53,"minecraft:spyglass":2,"minecraft:red_banner":2,"minecraft:spider_eye":4,"minecraft:oak_wood":5,"minecraft:pumpkin_seeds":2,"blue_skies:ventium_ingot":1,"minecraft:stone_axe":2,"minecraft:painting":2,"minecraft:terracotta":9,"minecraft:baked_potato":5,"minecraft:black_wool":1,"minecraft:melon_seeds":3,"minecraft:dark_oak_wood":17,"minecraft:coal":17,"irons_spellbooks:scroll":2},"minecraft:dropped":{"irons_spellbooks:fireward_ring":1,"minecraft:cracked_stone_bricks":6,"minecraft:saddle":1,"minecraft:red_mushroom":1,"minecraft:item_frame":1,"minecraft:emerald":5,"minecraft:dirt":3,"minecraft:cornflower":1,"minecraft:cut_sandstone":2,"irons_spellbooks:epic_ink":1,"alexsmobs:emu_feather":2,"minecraft:writable_book":1,"minecraft:wooden_sword":3,"minecraft:sand":11,"minecraft:dark_oak_planks":3,"minecraft:bone":5,"minecraft:cyan_carpet":3,"minecraft:stone_axe":2,"minecraft:spyglass":2,"alexsmobs:animal_dictionary":3,"minecraft:smooth_sandstone_stairs":1,"minecraft:wheat":6,"minecraft:rotten_flesh":1,"alexsmobs:emu_egg":1,"minecraft:rabbit_hide":1,"minecraft:gunpowder":2,"vampirism:vampire_fang":1,"minecraft:melon_seeds":3,"minecraft:acacia_sapling":2,"minecraft:chest":1,"minecraft:chainmail_boots":1,"minecraft:painting":2,"minecraft:spruce_slab":1,"minecraft:bread":19,"minecraft:enchanted_book":2,"minecraft:iron_ingot":4,"minecraft:wheat_seeds":15,"minecraft:feather":1,"minecraft:cobblestone":11,"minecraft:book":6,"minecraft:apple":5,"blue_skies:ventium_ingot":1,"minecraft:acacia_log":7,"minecraft:chainmail_helmet":2,"minecraft:coal":2,"minecraft:stick":39,"irons_spellbooks:scroll":1,"irons_spellbooks:pedestal":1,"tombstone:grave_key":2,"minecraft:wooden_axe":2,"minecraft:smooth_quartz":5,"tombstone:grave_dust":1,"minecraft:oak_stairs":1,"minecraft:string":10,"minecraft:chainmail_leggings":1,"minecraft:iron_shovel":1,"minecraft:paper":7,"dynamictrees:acacia_seed":2,"minecraft:acacia_planks":145,"minecraft:dandelion":2,"irons_spellbooks:fire_ale":1,"alexsmobs:maggot":1,"minecraft:stone_sword":1,"alexsmobs:tarantula_hawk_wing_fragment":1,"minecraft:red_banner":1,"minecraft:spruce_fence":2,"minecraft:pumpkin_seeds":6,"minecraft:suspicious_stew":3,"minecraft:filled_map":1,"minecraft:diamond_sword":1,"minecraft:flower_pot":1,"minecraft:spruce_planks":2,"minecraft:iron_chestplate":2,"minecraft:yellow_bed":1,"minecraft:oak_sapling":7,"blue_skies:fiery_bean_seeds":1,"minecraft:spider_eye":4,"minecraft:sandstone":1,"hiccups_legacy:dragon_manual":2,"minecraft:stone_pickaxe":2,"minecraft:wooden_pickaxe":1,"bossominium:guardian_sapling":1,"alexsmobs:mosquito_larva":1,"minecraft:brick":10},"minecraft:used":{"minecraft:iron_shovel":34,"minecraft:spruce_slab":1,"minecraft:shield":124,"minecraft:cyan_wool":2,"minecraft:dark_oak_wood":2,"minecraft:hay_block":48,"minecraft:furnace":1,"minecraft:golden_boots":1,"minecraft:stone_pickaxe":313,"minecraft:oak_planks":25,"minecraft:wooden_pickaxe":37,"minecraft:sandstone":6,"minecraft:white_wool":7,"minecraft:golden_hoe":26,"minecraft:sand":153,"minecraft:crossbow":16,"waystones:waystone":1,"minecraft:light_gray_concrete":69,"minecraft:cyan_carpet":1,"minecraft:cyan_bed":1,"minecraft:bread":93,"minecraft:string":1,"dynamictrees:acacia_seed":1,"minecraft:diamond_sword":453,"minecraft:wooden_sword":29,"minecraft:stripped_oak_wood":2,"minecraft:coarse_dirt":1,"minecraft:stone_sword":135,"minecraft:spruce_planks":84,"minecraft:cooked_chicken":6,"minecraft:torch":5,"minecraft:dirt":49,"minecraft:spyglass":86,"minecraft:oak_wood":5,"minecraft:dark_oak_planks":74,"minecraft:wooden_axe":38,"alexsmobs:maggot":2,"minecraft:iron_axe":338,"minecraft:oak_stairs":2,"minecraft:smooth_quartz":100,"minecraft:golden_carrot":18,"alexsmobs:banana":2,"tombstone:gift":8,"minecraft:cooked_beef":5,"minecraft:acacia_planks":140,"irons_spellbooks:pedestal":1,"minecraft:birch_planks":45,"minecraft:baked_potato":4,"minecraft:cut_sandstone":2,"minecraft:green_bed":16,"minecraft:terracotta":7,"minecraft:crafting_table":8,"tombstone:bag_of_seeds":2,"minecraft:dark_prismarine":11,"minecraft:apple":19,"minecraft:golden_leggings":1,"minecraft:stone_axe":120,"minecraft:cobblestone":46,"minecraft:yellow_bed":1,"alexsmobs:animal_dictionary":4},"minecraft:killed_by":{"minecraft:wither_skeleton":8,"sackman:sackman":2,"minecraft:drowned":1,"mimicer:mimicer":3,"vivilly_dweller:vivilly_dweller":1,"mimic_dweller:mimic_dweller":4,"krampus:krampus":2,"alexsmobs:skelewag":1,"minecraft:player":3,"minecraft:spider":1,"jacky:jacky":6,"the_mangle:the_mangle":5,"simon_12:simon_12":3,"minecraft:skeleton":8,"assimilator:assimilator":2},"minecraft:killed":{"minecraft:cave_spider":8,"irons_spellbooks:pyromancer":1,"minecraft:spider":12,"minecraft:skeleton":16,"minecraft:pig":4,"minecraft:sheep":12,"minecraft:zombie":3,"alexsmobs:emu":2,"minecraft:wither_skeleton":40},"minecraft:broken":{"aether:golden_gloves":1,"minecraft:golden_leggings":1,"minecraft:stone_pickaxe":1,"minecraft:golden_hoe":1,"minecraft:chainmail_helmet":1,"minecraft:shield":1,"minecraft:iron_axe":1,"minecraft:leather_boots":1},"minecraft:crafted":{"minecraft:oak_planks":28,"minecraft:cooked_chicken":8,"minecraft:diamond_helmet":1,"minecraft:golden_boots":1,"minecraft:crafting_table":5,"minecraft:spruce_planks":44,"minecraft:wooden_pickaxe":1,"minecraft:birch_planks":40,"minecraft:golden_leggings":1,"minecraft:shield":2,"minecraft:stick":52,"minecraft:iron_ingot":1,"minecraft:stone_sword":1,"minecraft:sandstone":6,"minecraft:wooden_sword":1,"minecraft:furnace":1,"minecraft:stone_pickaxe":3,"minecraft:dark_oak_planks":60,"minecraft:wheat":261,"minecraft:cooked_beef":5,"minecraft:diamond_sword":1,"minecraft:stone_axe":1,"minecraft:bread":87,"minecraft:air":0,"minecraft:wooden_axe":1,"minecraft:acacia_planks":260,"minecraft:torch":4,"minecraft:diamond_chestplate":1}},"DataVersion":3120}