{"stats":{"minecraft:killed":{"alexsmobs:tarantula_hawk":1,"decayingmobsbackport:half_pig":4,"alexsmobs:rattlesnake":1,"alexsmobs:emu":2,"decayingmobsbackport:limb_snatcher_victim":2,"alexsmobs:fly":1},"minecraft:dropped":{"minecraft:bread":13,"alexsmobs:animal_dictionary":2,"minecraft:stick":2,"minecraft:dirt":1,"minecraft:wooden_axe":1,"minecraft:azalea":5,"minecraft:golden_sword":1,"gravestone:obituary":76,"minecraft:flowering_azalea":2,"minecraft:sand":1,"minecraft:red_sand":4,"minecraft:wooden_pickaxe":1,"minecraft:cactus":1,"minecraft:bone":1},"minecraft:used":{"minecraft:red_sand":15,"minecraft:smooth_sandstone_slab":1,"minecraft:sandstone":3,"minecraft:cut_sandstone":20,"minecraft:white_terracotta":2,"minecraft:wooden_pickaxe":41,"minecraft:iron_sword":2,"minecraft:green_bed":5,"minecraft:rotten_flesh":2,"minecraft:torch":9,"minecraft:sand":82,"minecraft:dirt":17,"minecraft:lime_bed":1,"minecraft:crafting_table":4,"minecraft:jungle_planks":316,"minecraft:light_gray_terracotta":3,"minecraft:granite":1,"minecraft:flower_pot":1,"alexsmobs:maggot":2,"minecraft:wooden_axe":107,"minecraft:chiseled_sandstone":1,"minecraft:iron_pickaxe":7,"minecraft:bread":79,"minecraft:cyan_bed":2,"minecraft:smooth_sandstone":2,"minecraft:lectern":1,"minecraft:red_terracotta":2,"minecraft:stone_axe":81,"minecraft:wooden_sword":12,"minecraft:golden_sword":19,"minecraft:cobblestone":28,"minecraft:hay_block":21,"minecraft:jungle_door":1,"alexsmobs:animal_dictionary":1,"minecraft:coarse_dirt":1,"alexsmobs:emu_egg":5},"minecraft:crafted":{"minecraft:wooden_sword":2,"minecraft:crafting_table":2,"minecraft:wooden_pickaxe":4,"minecraft:bread":39,"minecraft:jungle_planks":340,"minecraft:shield":1,"minecraft:wooden_axe":4,"minecraft:golden_sword":2,"minecraft:wheat":108},"minecraft:killed_by":{"decayingmobsbackport:weeping_chaser":12,"minecraft:husk":4,"vivilly_dweller:vivilly_dweller":1,"minecraft:player":3,"simon_12:simon_12":2,"sackman:sackman":1,"minecraft:creeper":1,"minecraft:spider":1,"minecraft:zombie":1,"thebeastinthedark:the_dark_beast":4,"jacky:jacky":3,"the_impersonator:the_impersonator":2,"assimilator:assimilator":3,"decayingmobsbackport:limb_snatcher":1,"the_mangle:the_mangle":1,"krampus:krampus":3},"minecraft:picked_up":{"minecraft:wooden_axe":1,"minecraft:coarse_dirt":1,"minecraft:lime_bed":2,"minecraft:crafting_table":4,"minecraft:feather":1,"minecraft:flower_pot":1,"minecraft:jungle_log":139,"minecraft:wooden_pickaxe":1,"gravestone:obituary":38,"minecraft:dirt":24,"minecraft:string":2,"minecraft:smooth_sandstone":2,"minecraft:bone":4,"minecraft:wheat_seeds":4,"minecraft:red_sand":23,"minecraft:iron_ingot":1,"minecraft:azalea":17,"minecraft:lectern":1,"minecraft:moss_block":1,"minecraft:flowering_azalea":6,"minecraft:stick":122,"minecraft:sandstone":5,"minecraft:jungle_door":1,"minecraft:torch":9,"minecraft:green_bed":7,"minecraft:acacia_log":2,"minecraft:sand":93,"minecraft:jungle_planks":52,"minecraft:cyan_bed":3,"minecraft:red_terracotta":4,"minecraft:dark_oak_planks":13,"minecraft:smooth_sandstone_slab":1,"minecraft:light_gray_terracotta":5,"minecraft:arrow":1,"minecraft:cactus":2,"minecraft:rotten_flesh":2,"minecraft:stone_axe":1,"minecraft:hay_block":71,"minecraft:granite":1,"alexsmobs:emu_egg":8,"minecraft:bread":90,"minecraft:white_terracotta":7,"alexsmobs:maggot":2,"minecraft:cobblestone":76,"minecraft:ender_pearl":1},"minecraft:mined":{"minecraft:dark_oak_planks":13,"minecraft:potted_cactus":1,"minecraft:smooth_sandstone":2,"minecraft:crafting_table":4,"minecraft:torch":7,"minecraft:light_gray_terracotta":5,"gravestone:gravestone":34,"minecraft:granite":1,"minecraft:red_sand":21,"minecraft:acacia_log":3,"minecraft:jungle_planks":43,"minecraft:jungle_log":157,"minecraft:dead_bush":112,"minecraft:lectern":1,"minecraft:cobblestone":5,"minecraft:cyan_bed":3,"minecraft:moss_block":3,"minecraft:smooth_sandstone_slab":2,"minecraft:wall_torch":2,"minecraft:white_terracotta":7,"minecraft:hay_block":69,"minecraft:lime_bed":2,"minecraft:red_terracotta":4,"minecraft:coarse_dirt":1,"minecraft:wheat":5,"minecraft:grass":2,"minecraft:flowering_azalea_leaves":2,"minecraft:vine":1,"minecraft:sand":87,"minecraft:dirt":22,"minecraft:cobweb":2,"minecraft:azalea_leaves":2,"minecraft:stone":21,"minecraft:small_dripleaf":1,"minecraft:green_bed":7},"minecraft:custom":{"minecraft:mob_kills":13,"minecraft:interact_with_crafting_table":19,"minecraft:interact_with_cartography_table":1,"minecraft:bell_ring":1,"minecraft:leave_game":277,"minecraft:time_since_death":1110,"minecraft:sleep_in_bed":17,"minecraft:climb_one_cm":392,"minecraft:time_since_rest":1191,"minecraft:damage_taken":14259,"minecraft:walk_one_cm":413101,"minecraft:sprint_one_cm":830595,"minecraft:drop":110,"minecraft:damage_dealt":1890,"minecraft:swim_one_cm":47408,"minecraft:talked_to_villager":3,"minecraft:player_kills":2,"minecraft:fly_one_cm":2159912,"minecraft:open_chest":108,"minecraft:crouch_one_cm":129592,"minecraft:play_time":417458,"minecraft:sneak_time":52916,"minecraft:deaths":46,"minecraft:walk_under_water_one_cm":18993,"minecraft:jump":8672,"minecraft:interact_with_blast_furnace":1,"minecraft:walk_on_water_one_cm":44288,"minecraft:total_world_time":417458,"minecraft:fall_one_cm":248357}},"DataVersion":3120}