{"stats":{"minecraft:mined":{"minecraft:dark_prismarine":11,"minecraft:spruce_planks":50,"minecraft:acacia_log":100,"minecraft:spruce_fence":2,"minecraft:grass_block":20,"minecraft:spawner":15,"minecraft:hay_block":55,"minecraft:iron_ore":3,"minecraft:potted_red_mushroom":1,"minecraft:dark_oak_stairs":1,"minecraft:bookshelf":4,"minecraft:iron_bars":1,"minecraft:oak_stairs":3,"minecraft:light_gray_concrete":70,"minecraft:smooth_sandstone_stairs":1,"minecraft:spruce_wood":12,"minecraft:stone":55,"minecraft:spruce_slab":2,"minecraft:green_bed":12,"dynamictrees:acacia_branch":125,"minecraft:tripwire":1,"minecraft:cut_sandstone":4,"minecraft:scaffolding":1,"minecraft:crafting_table":6,"minecraft:torch":1,"minecraft:dark_oak_wood":20,"minecraft:oak_wood":5,"minecraft:melon":3,"minecraft:chest":1,"minecraft:dead_bush":2,"minecraft:tall_grass":8,"minecraft:glass":2,"minecraft:cobblestone":16,"minecraft:birch_wood":10,"minecraft:cyan_bed":1,"minecraft:oak_planks":11,"minecraft:wall_torch":1,"minecraft:spruce_stairs":2,"minecraft:air":83,"minecraft:cyan_wool":3,"minecraft:birch_planks":8,"minecraft:coarse_dirt":1,"bossominium:guardian_sapling":1,"minecraft:birch_leaves":1,"minecraft:red_wall_banner":3,"minecraft:yellow_bed":1,"minecraft:grass":76,"minecraft:coal_ore":7,"minecraft:cyan_carpet":15,"minecraft:smooth_quartz":127,"minecraft:dirt":19,"minecraft:sand":138,"minecraft:cobweb":6,"minecraft:terracotta":9,"minecraft:acacia_planks":32,"minecraft:netherrack":2,"minecraft:yellow_terracotta":3,"minecraft:dark_oak_planks":16},"minecraft:killed":{"minecraft:cave_spider":8,"minecraft:spider":12,"minecraft:skeleton":16,"alexsmobs:emu":2,"minecraft:sheep":9,"minecraft:zombie":1,"minecraft:wither_skeleton":40},"minecraft:custom":{"minecraft:mob_kills":81,"minecraft:interact_with_crafting_table":21,"minecraft:open_barrel":16,"minecraft:damage_dealt_resisted":4452,"minecraft:leave_game":54,"minecraft:time_since_death":143,"minecraft:climb_one_cm":9156,"minecraft:sprint_one_cm":741125,"minecraft:walk_one_cm":561895,"minecraft:damage_blocked_by_shield":5240,"minecraft:drop":156,"minecraft:play_noteblock":1,"minecraft:talked_to_villager":3,"minecraft:play_time":478813,"minecraft:deaths":50,"minecraft:sneak_time":88693,"minecraft:walk_under_water_one_cm":7557,"minecraft:interact_with_brewingstand":1,"minecraft:jump":7193,"minecraft:walk_on_water_one_cm":29765,"minecraft:total_world_time":478813,"minecraft:interact_with_furnace":16,"minecraft:interact_with_cartography_table":1,"minecraft:sleep_in_bed":13,"minecraft:waystone_activated":3,"minecraft:time_since_rest":1,"minecraft:damage_taken":19033,"tombstone:sneak_grave":81,"minecraft:damage_dealt":28553,"minecraft:player_kills":1,"minecraft:swim_one_cm":63804,"minecraft:open_chest":63,"minecraft:fly_one_cm":1383093,"minecraft:crouch_one_cm":203670,"tombstone:undead_killed":57,"minecraft:fall_one_cm":195568},"minecraft:broken":{"aether:golden_gloves":1,"minecraft:chainmail_helmet":1,"minecraft:golden_leggings":1,"minecraft:stone_pickaxe":1,"minecraft:shield":1,"minecraft:iron_axe":1,"minecraft:leather_boots":1},"minecraft:killed_by":{"alexsmobs:skelewag":1,"minecraft:player":3,"minecraft:wither_skeleton":8,"sackman:sackman":2,"minecraft:spider":1,"jacky:jacky":6,"the_mangle:the_mangle":4,"mimicer:mimicer":3,"vivilly_dweller:vivilly_dweller":1,"mimic_dweller:mimic_dweller":3,"simon_12:simon_12":3,"minecraft:skeleton":8,"assimilator:assimilator":2,"krampus:krampus":2},"minecraft:used":{"minecraft:stone_sword":135,"minecraft:iron_shovel":34,"minecraft:spruce_slab":1,"minecraft:spruce_planks":84,"minecraft:shield":107,"minecraft:cooked_chicken":6,"minecraft:torch":5,"minecraft:dirt":37,"minecraft:spyglass":86,"minecraft:oak_wood":5,"minecraft:dark_oak_planks":68,"minecraft:wooden_axe":38,"minecraft:iron_axe":338,"minecraft:oak_stairs":2,"minecraft:dark_oak_wood":2,"minecraft:smooth_quartz":94,"minecraft:golden_carrot":14,"minecraft:hay_block":48,"tombstone:gift":8,"alexsmobs:banana":2,"minecraft:furnace":1,"minecraft:cooked_beef":5,"minecraft:acacia_planks":135,"minecraft:golden_boots":1,"minecraft:baked_potato":4,"minecraft:birch_planks":45,"minecraft:stone_pickaxe":297,"minecraft:oak_planks":25,"minecraft:wooden_pickaxe":37,"minecraft:sandstone":6,"minecraft:cut_sandstone":2,"minecraft:green_bed":11,"minecraft:white_wool":5,"minecraft:sand":124,"minecraft:golden_hoe":11,"minecraft:terracotta":7,"minecraft:crafting_table":8,"minecraft:crossbow":16,"tombstone:bag_of_seeds":2,"waystones:waystone":1,"minecraft:dark_prismarine":2,"minecraft:apple":19,"minecraft:golden_leggings":1,"minecraft:light_gray_concrete":69,"minecraft:cyan_carpet":1,"minecraft:bread":70,"minecraft:cyan_bed":1,"dynamictrees:acacia_seed":1,"minecraft:stone_axe":120,"minecraft:diamond_sword":404,"minecraft:wooden_sword":29,"minecraft:cobblestone":32,"minecraft:stripped_oak_wood":2,"alexsmobs:animal_dictionary":4,"minecraft:coarse_dirt":1},"minecraft:dropped":{"minecraft:enchanted_book":2,"minecraft:iron_ingot":4,"minecraft:bread":19,"minecraft:wheat_seeds":13,"minecraft:feather":1,"minecraft:cobblestone":9,"minecraft:book":6,"minecraft:apple":5,"minecraft:saddle":1,"blue_skies:ventium_ingot":1,"minecraft:acacia_log":7,"minecraft:chainmail_helmet":2,"minecraft:coal":2,"minecraft:red_mushroom":1,"minecraft:item_frame":1,"minecraft:stick":35,"minecraft:emerald":5,"minecraft:dirt":3,"minecraft:cornflower":1,"tombstone:grave_key":2,"minecraft:wooden_axe":2,"minecraft:smooth_quartz":5,"minecraft:cut_sandstone":2,"tombstone:grave_dust":1,"minecraft:wooden_sword":3,"minecraft:oak_stairs":1,"minecraft:writable_book":1,"alexsmobs:emu_feather":2,"minecraft:sand":11,"minecraft:iron_shovel":1,"minecraft:chainmail_leggings":1,"minecraft:paper":7,"minecraft:string":10,"minecraft:dark_oak_planks":3,"dynamictrees:acacia_seed":2,"minecraft:acacia_planks":145,"minecraft:cyan_carpet":3,"minecraft:dandelion":2,"minecraft:bone":5,"minecraft:stone_axe":2,"minecraft:spyglass":2,"minecraft:stone_sword":1,"alexsmobs:animal_dictionary":3,"alexsmobs:tarantula_hawk_wing_fragment":1,"minecraft:wheat":6,"minecraft:smooth_sandstone_stairs":1,"minecraft:red_banner":1,"alexsmobs:emu_egg":1,"minecraft:spruce_fence":2,"minecraft:pumpkin_seeds":6,"minecraft:suspicious_stew":3,"minecraft:filled_map":1,"minecraft:diamond_sword":1,"minecraft:rabbit_hide":1,"minecraft:flower_pot":1,"minecraft:gunpowder":2,"vampirism:vampire_fang":1,"minecraft:spruce_planks":2,"minecraft:iron_chestplate":2,"minecraft:melon_seeds":3,"minecraft:yellow_bed":1,"minecraft:oak_sapling":7,"minecraft:acacia_sapling":2,"minecraft:chainmail_boots":1,"minecraft:chest":1,"blue_skies:fiery_bean_seeds":1,"minecraft:spider_eye":4,"minecraft:painting":2,"minecraft:spruce_slab":1,"minecraft:sandstone":1,"hiccups_legacy:dragon_manual":2,"minecraft:stone_pickaxe":2,"minecraft:wooden_pickaxe":1,"bossominium:guardian_sapling":1,"minecraft:brick":10,"alexsmobs:mosquito_larva":1},"minecraft:crafted":{"minecraft:wooden_sword":1,"minecraft:oak_planks":28,"minecraft:cooked_chicken":8,"minecraft:furnace":1,"minecraft:diamond_helmet":1,"minecraft:stone_pickaxe":3,"minecraft:dark_oak_planks":60,"minecraft:golden_boots":1,"minecraft:wheat":144,"minecraft:cooked_beef":5,"minecraft:diamond_sword":1,"minecraft:crafting_table":5,"minecraft:spruce_planks":44,"minecraft:wooden_pickaxe":1,"minecraft:birch_planks":40,"minecraft:stone_axe":1,"minecraft:bread":48,"minecraft:air":0,"minecraft:golden_leggings":1,"minecraft:shield":2,"minecraft:stick":52,"minecraft:iron_ingot":1,"minecraft:wooden_axe":1,"minecraft:stone_sword":1,"minecraft:sandstone":6,"minecraft:acacia_planks":256,"minecraft:torch":4,"minecraft:diamond_chestplate":1},"minecraft:picked_up":{"minecraft:wooden_axe":2,"minecraft:coarse_dirt":2,"minecraft:iron_chestplate":2,"minecraft:crafting_table":3,"minecraft:wheat":3,"minecraft:flower_pot":1,"minecraft:suspicious_stew":2,"blue_skies:blue_journal":1,"minecraft:diamond_sword":3,"minecraft:oak_stairs":3,"tombstone:grave_key":1,"minecraft:brick":20,"minecraft:cornflower":1,"minecraft:string":34,"minecraft:wooden_sword":2,"hiccups_legacy:dragon_manual":3,"minecraft:cyan_carpet":12,"alexsmobs:emu_feather":2,"alexsmobs:banana":1,"minecraft:spruce_planks":63,"minecraft:cyan_wool":2,"minecraft:smooth_quartz":120,"minecraft:spruce_slab":2,"minecraft:chest":2,"minecraft:raw_iron":3,"minecraft:stick":22,"minecraft:sandstone":1,"minecraft:torch":1,"minecraft:acacia_log":88,"minecraft:green_bed":12,"sophisticatedbackpacks:backpack":1,"minecraft:spruce_fence":2,"tombstone:grave_dust":12,"vampirism:vampire_fang":1,"minecraft:redstone":6,"minecraft:dark_oak_planks":16,"minecraft:arrow":16,"minecraft:rotten_flesh":11,"minecraft:yellow_terracotta":3,"minecraft:hay_block":70,"minecraft:saddle":1,"tombstone:essence_of_undeath":1,"minecraft:white_wool":5,"minecraft:mutton":7,"minecraft:cobblestone":76,"minecraft:feather":1,"minecraft:cut_sandstone":3,"minecraft:red_mushroom":1,"minecraft:birch_planks":5,"minecraft:potato":7,"minecraft:filled_map":1,"minecraft:smooth_sandstone_stairs":2,"minecraft:yellow_bed":1,"bossominium:guardian_sapling":1,"minecraft:map":4,"minecraft:dirt":41,"minecraft:paper":4,"tombstone:gift":1,"minecraft:bone":38,"minecraft:acacia_planks":113,"minecraft:apple":2,"minecraft:wheat_seeds":11,"minecraft:birch_wood":10,"minecraft:spruce_wood":11,"minecraft:iron_ingot":4,"minecraft:stone_pickaxe":1,"tombstone:bag_of_seeds":1,"minecraft:oak_planks":11,"minecraft:acacia_sapling":7,"minecraft:book":12,"minecraft:scaffolding":6,"minecraft:spyglass":2,"minecraft:sand":159,"dynamictrees:acacia_seed":3,"minecraft:red_banner":2,"minecraft:cyan_bed":1,"minecraft:spider_eye":4,"alexsmobs:animal_dictionary":1,"minecraft:mossy_cobblestone":1,"minecraft:dark_prismarine":11,"minecraft:light_gray_concrete":69,"minecraft:oak_wood":5,"minecraft:pumpkin_seeds":2,"blue_skies:ventium_ingot":1,"minecraft:stone_axe":2,"waystones:waystone":1,"minecraft:painting":2,"minecraft:chainmail_helmet":2,"minecraft:terracotta":9,"minecraft:baked_potato":4,"minecraft:mud":1,"minecraft:melon_seeds":3,"minecraft:dark_oak_wood":17,"minecraft:coal":17}},"DataVersion":3120}