{"stats":{"minecraft:custom":{"minecraft:mob_kills":11,"minecraft:interact_with_crafting_table":19,"minecraft:interact_with_cartography_table":1,"minecraft:bell_ring":1,"minecraft:leave_game":227,"minecraft:time_since_death":19380,"minecraft:sleep_in_bed":16,"minecraft:climb_one_cm":392,"minecraft:time_since_rest":21701,"minecraft:damage_taken":12026,"minecraft:walk_one_cm":312322,"minecraft:sprint_one_cm":702017,"minecraft:drop":90,"minecraft:damage_dealt":1726,"minecraft:swim_one_cm":46314,"minecraft:talked_to_villager":2,"minecraft:player_kills":2,"minecraft:fly_one_cm":1797971,"minecraft:open_chest":108,"minecraft:crouch_one_cm":123761,"minecraft:play_time":344183,"minecraft:sneak_time":51251,"minecraft:deaths":39,"minecraft:walk_under_water_one_cm":15868,"minecraft:jump":6713,"minecraft:walk_on_water_one_cm":37287,"minecraft:total_world_time":344183,"minecraft:fall_one_cm":187281},"minecraft:killed_by":{"decayingmobsbackport:weeping_chaser":10,"minecraft:husk":4,"vivilly_dweller:vivilly_dweller":1,"minecraft:player":3,"simon_12:simon_12":2,"sackman:sackman":1,"minecraft:creeper":1,"minecraft:spider":1,"thebeastinthedark:the_dark_beast":3,"jacky:jacky":3,"the_impersonator:the_impersonator":2,"assimilator:assimilator":2,"decayingmobsbackport:limb_snatcher":1,"the_mangle:the_mangle":1,"krampus:krampus":3},"minecraft:killed":{"alexsmobs:tarantula_hawk":1,"decayingmobsbackport:half_pig":4,"alexsmobs:emu":2,"decayingmobsbackport:limb_snatcher_victim":1,"alexsmobs:fly":1},"minecraft:used":{"minecraft:red_sand":11,"minecraft:smooth_sandstone_slab":1,"minecraft:sandstone":3,"minecraft:wooden_pickaxe":41,"minecraft:green_bed":5,"minecraft:rotten_flesh":2,"minecraft:torch":3,"minecraft:dirt":16,"minecraft:sand":67,"minecraft:crafting_table":4,"minecraft:jungle_planks":316,"minecraft:light_gray_terracotta":3,"minecraft:granite":1,"minecraft:flower_pot":1,"alexsmobs:maggot":2,"minecraft:wooden_axe":107,"minecraft:bread":67,"minecraft:cyan_bed":2,"minecraft:smooth_sandstone":2,"minecraft:red_terracotta":2,"minecraft:stone_axe":81,"minecraft:wooden_sword":12,"minecraft:golden_sword":19,"minecraft:cobblestone":28,"minecraft:hay_block":21,"minecraft:jungle_door":1,"alexsmobs:animal_dictionary":1,"minecraft:coarse_dirt":1,"alexsmobs:emu_egg":5},"minecraft:crafted":{"minecraft:wooden_sword":2,"minecraft:crafting_table":2,"minecraft:wooden_pickaxe":4,"minecraft:bread":39,"minecraft:jungle_planks":340,"minecraft:shield":1,"minecraft:wooden_axe":4,"minecraft:golden_sword":2,"minecraft:wheat":108},"minecraft:dropped":{"minecraft:bread":6,"alexsmobs:animal_dictionary":2,"minecraft:stick":2,"minecraft:dirt":1,"minecraft:wooden_axe":1,"minecraft:azalea":5,"minecraft:golden_sword":1,"gravestone:obituary":63,"minecraft:flowering_azalea":2,"minecraft:sand":1,"minecraft:red_sand":4,"minecraft:wooden_pickaxe":1,"minecraft:cactus":1,"minecraft:bone":1},"minecraft:mined":{"minecraft:dark_oak_planks":13,"minecraft:potted_cactus":1,"minecraft:smooth_sandstone":2,"minecraft:crafting_table":4,"minecraft:torch":4,"minecraft:light_gray_terracotta":5,"gravestone:gravestone":29,"minecraft:granite":1,"minecraft:red_sand":21,"minecraft:acacia_log":3,"minecraft:jungle_planks":43,"minecraft:jungle_log":157,"minecraft:dead_bush":105,"minecraft:cobblestone":5,"minecraft:cyan_bed":3,"minecraft:moss_block":3,"minecraft:smooth_sandstone_slab":2,"minecraft:wall_torch":2,"minecraft:hay_block":69,"minecraft:lime_bed":1,"minecraft:red_terracotta":4,"minecraft:coarse_dirt":1,"minecraft:grass":2,"minecraft:flowering_azalea_leaves":2,"minecraft:vine":1,"minecraft:sand":71,"minecraft:dirt":21,"minecraft:cobweb":2,"minecraft:azalea_leaves":2,"minecraft:stone":21,"minecraft:small_dripleaf":1,"minecraft:green_bed":6},"minecraft:picked_up":{"minecraft:wooden_axe":1,"minecraft:coarse_dirt":1,"minecraft:lime_bed":1,"minecraft:crafting_table":4,"minecraft:feather":1,"minecraft:flower_pot":1,"minecraft:jungle_log":139,"minecraft:wooden_pickaxe":1,"gravestone:obituary":27,"minecraft:dirt":23,"minecraft:string":2,"minecraft:smooth_sandstone":2,"minecraft:bone":2,"minecraft:red_sand":23,"minecraft:iron_ingot":1,"minecraft:azalea":17,"minecraft:moss_block":1,"minecraft:flowering_azalea":6,"minecraft:stick":116,"minecraft:sandstone":5,"minecraft:jungle_door":1,"minecraft:torch":6,"minecraft:green_bed":6,"minecraft:acacia_log":2,"minecraft:sand":72,"minecraft:jungle_planks":52,"minecraft:cyan_bed":3,"minecraft:red_terracotta":4,"minecraft:dark_oak_planks":13,"minecraft:smooth_sandstone_slab":1,"minecraft:light_gray_terracotta":5,"minecraft:arrow":1,"minecraft:cactus":2,"minecraft:rotten_flesh":2,"minecraft:stone_axe":1,"minecraft:hay_block":71,"minecraft:granite":1,"alexsmobs:emu_egg":8,"minecraft:bread":90,"alexsmobs:maggot":2,"minecraft:cobblestone":76,"minecraft:ender_pearl":1}},"DataVersion":3120}