{"stats":{"minecraft:dropped":{"alexsmobs:animal_dictionary":1},"minecraft:custom":{"minecraft:damage_taken":1030,"minecraft:time_since_rest":1353,"minecraft:leave_game":13,"minecraft:play_time":10235,"minecraft:crouch_one_cm":52,"minecraft:time_since_death":0,"minecraft:walk_one_cm":3759,"minecraft:sprint_one_cm":1080,"minecraft:deaths":4,"minecraft:sneak_time":244,"minecraft:total_world_time":10235,"minecraft:fly_one_cm":2643,"minecraft:fall_one_cm":418,"minecraft:drop":1,"minecraft:jump":7},"minecraft:picked_up":{"minecraft:sand":6,"gravestone:obituary":4,"minecraft:dirt":1},"minecraft:mined":{"gravestone:gravestone":2,"minecraft:sand":4},"minecraft:killed_by":{"decayingmobsbackport:weeping_chaser":3,"minecraft:spider":1}},"DataVersion":3120}