{"stats":{"minecraft:picked_up":{"minecraft:crafting_table":1,"minecraft:feather":1,"minecraft:flower_pot":1,"gravestone:obituary":21,"minecraft:dirt":23,"minecraft:string":2,"minecraft:bone":2,"minecraft:red_sand":14,"minecraft:stick":31,"minecraft:jungle_door":1,"minecraft:torch":3,"minecraft:green_bed":1,"minecraft:sand":32,"minecraft:cyan_bed":2,"minecraft:dark_oak_planks":13,"minecraft:arrow":1,"minecraft:cactus":2,"minecraft:rotten_flesh":1,"minecraft:hay_block":71,"minecraft:granite":1,"alexsmobs:emu_egg":7,"minecraft:bread":6,"alexsmobs:maggot":2,"minecraft:cobblestone":14,"minecraft:ender_pearl":1},"minecraft:dropped":{"minecraft:bread":3,"alexsmobs:animal_dictionary":2,"minecraft:dirt":1,"minecraft:wooden_axe":1,"minecraft:golden_sword":1,"gravestone:obituary":39,"minecraft:sand":1,"minecraft:red_sand":4,"minecraft:wooden_pickaxe":1,"minecraft:cactus":1},"minecraft:crafted":{"minecraft:wooden_pickaxe":2,"minecraft:bread":30,"minecraft:wooden_axe":2,"minecraft:golden_sword":2,"minecraft:wheat":81},"minecraft:used":{"alexsmobs:emu_egg":4,"minecraft:red_sand":3,"minecraft:wooden_pickaxe":17,"minecraft:green_bed":1,"minecraft:rotten_flesh":1,"minecraft:torch":3,"minecraft:dirt":16,"minecraft:sand":27,"minecraft:crafting_table":1,"minecraft:flower_pot":1,"alexsmobs:maggot":2,"minecraft:bread":22,"minecraft:cyan_bed":1,"minecraft:golden_sword":19,"minecraft:hay_block":21,"minecraft:jungle_door":1,"alexsmobs:animal_dictionary":1},"minecraft:custom":{"minecraft:mob_kills":9,"minecraft:interact_with_cartography_table":1,"minecraft:interact_with_crafting_table":13,"minecraft:bell_ring":1,"minecraft:leave_game":84,"minecraft:time_since_death":0,"minecraft:sleep_in_bed":9,"minecraft:time_since_rest":290,"minecraft:sprint_one_cm":324952,"minecraft:damage_taken":6548,"minecraft:walk_one_cm":177973,"minecraft:drop":53,"minecraft:damage_dealt":1156,"minecraft:swim_one_cm":11545,"minecraft:talked_to_villager":1,"minecraft:fly_one_cm":887726,"minecraft:player_kills":2,"minecraft:open_chest":101,"minecraft:crouch_one_cm":38035,"minecraft:play_time":142457,"minecraft:deaths":22,"minecraft:sneak_time":15749,"minecraft:walk_under_water_one_cm":3017,"minecraft:jump":2762,"minecraft:walk_on_water_one_cm":17166,"minecraft:total_world_time":142457,"minecraft:fall_one_cm":71465},"minecraft:killed_by":{"decayingmobsbackport:weeping_chaser":5,"vivilly_dweller:vivilly_dweller":1,"minecraft:player":2,"simon_12:simon_12":2,"minecraft:spider":1,"jacky:jacky":3,"the_impersonator:the_impersonator":2,"assimilator:assimilator":2,"decayingmobsbackport:limb_snatcher":1,"the_mangle:the_mangle":1,"krampus:krampus":2},"minecraft:killed":{"decayingmobsbackport:half_pig":3,"alexsmobs:emu":2,"decayingmobsbackport:limb_snatcher_victim":1,"alexsmobs:fly":1},"minecraft:mined":{"minecraft:dark_oak_planks":13,"minecraft:potted_cactus":1,"minecraft:crafting_table":1,"gravestone:gravestone":19,"minecraft:granite":1,"minecraft:red_sand":12,"minecraft:dead_bush":26,"minecraft:cyan_bed":2,"minecraft:smooth_sandstone_slab":1,"minecraft:wall_torch":2,"minecraft:hay_block":69,"minecraft:sand":35,"minecraft:dirt":21,"minecraft:cobweb":2,"minecraft:stone":14,"minecraft:green_bed":1}},"DataVersion":3120}