{"stats":{"minecraft:killed":{"decayingmobsbackport:limb_snatcher_victim":1,"alexsmobs:roadrunner":2},"minecraft:dropped":{"minecraft:bread":3,"minecraft:stone_axe":1,"minecraft:sugar_cane":1,"decayingmobsbackport:eyeball":1,"decayingmobsbackport:spirit_of_the_snatcher":1,"minecraft:jungle_planks":1,"alexsmobs:roadrunner_feather":1,"minecraft:wooden_pickaxe":1},"minecraft:crafted":{"minecraft:wooden_shovel":1,"minecraft:crafting_table":1,"minecraft:jungle_planks":36,"minecraft:stone_pickaxe":1,"minecraft:wooden_axe":1},"minecraft:used":{"minecraft:moss_block":1,"minecraft:wooden_pickaxe":50,"minecraft:wooden_shovel":10,"minecraft:dirt":1,"minecraft:sand":29,"minecraft:terracotta":14,"minecraft:crafting_table":4,"minecraft:lime_bed":1,"minecraft:jungle_planks":48,"minecraft:wooden_axe":57,"minecraft:bread":11,"minecraft:red_terracotta":2,"minecraft:cobblestone":34,"minecraft:orange_terracotta":8},"minecraft:killed_by":{"minecraft:player":1,"thebeastinthedark:the_dark_beast":1,"decayingmobsbackport:limb_snatcher":1},"minecraft:picked_up":{"minecraft:wooden_axe":1,"minecraft:lime_bed":2,"minecraft:crafting_table":4,"minecraft:feather":3,"minecraft:jungle_log":9,"minecraft:wooden_pickaxe":1,"alexsmobs:roadrunner_feather":1,"gravestone:obituary":1,"minecraft:dirt":1,"minecraft:wooden_sword":1,"minecraft:orange_terracotta":11,"minecraft:bone":1,"decayingmobsbackport:eyeball":2,"minecraft:moss_block":1,"minecraft:sugar_cane":10,"minecraft:stick":31,"decayingmobsbackport:spirit_of_the_snatcher":2,"minecraft:green_bed":1,"minecraft:jungle_planks":27,"minecraft:sand":41,"minecraft:stone_axe":2,"alexsmobs:emu_egg":2,"minecraft:bread":20,"minecraft:white_terracotta":2,"minecraft:terracotta":14,"minecraft:cobblestone":10},"minecraft:broken":{"minecraft:wooden_axe":1,"minecraft:wooden_pickaxe":1},"minecraft:mined":{"minecraft:orange_terracotta":14,"minecraft:crafting_table":3,"minecraft:light_gray_terracotta":1,"gravestone:gravestone":5,"minecraft:jungle_planks":35,"minecraft:dead_bush":21,"minecraft:jungle_log":6,"minecraft:cobblestone":12,"minecraft:moss_block":1,"minecraft:sugar_cane":4,"minecraft:white_terracotta":2,"minecraft:lime_bed":2,"minecraft:vine":1,"minecraft:sand":35,"minecraft:terracotta":20,"minecraft:green_bed":1},"minecraft:custom":{"minecraft:mob_kills":4,"minecraft:interact_with_crafting_table":14,"minecraft:leave_game":4,"minecraft:time_since_death":29673,"minecraft:sleep_in_bed":13,"minecraft:time_since_rest":29722,"minecraft:sprint_one_cm":194822,"minecraft:damage_taken":1320,"minecraft:walk_one_cm":168469,"minecraft:drop":10,"minecraft:damage_dealt":421,"minecraft:swim_one_cm":17410,"minecraft:fly_one_cm":270974,"minecraft:crouch_one_cm":81366,"minecraft:play_time":150368,"minecraft:deaths":4,"minecraft:sneak_time":27739,"minecraft:walk_under_water_one_cm":9804,"minecraft:jump":1654,"minecraft:walk_on_water_one_cm":23540,"minecraft:total_world_time":150368,"minecraft:fall_one_cm":37624}},"DataVersion":3120}