{"stats":{"minecraft:killed":{"decayingmobsbackport:hunted_zombie":1},"minecraft:dropped":{"minecraft:bread":26,"minecraft:wheat_seeds":9,"minecraft:cocoa_beans":6,"minecraft:smithing_table":1,"minecraft:andesite_slab":1,"minecraft:rotten_flesh":2,"minecraft:jungle_planks":64,"minecraft:stick":3,"minecraft:dirt":1,"minecraft:andesite":1,"minecraft:melon_seeds":1,"gravestone:obituary":4,"minecraft:sand":8},"minecraft:crafted":{"minecraft:crafting_table":1,"minecraft:wooden_pickaxe":1,"minecraft:polished_granite":4,"minecraft:stone_axe":1,"minecraft:bread":51,"minecraft:jungle_planks":76,"minecraft:stick":8,"minecraft:stone_pickaxe":1,"minecraft:acacia_planks":16,"minecraft:wheat":153},"minecraft:used":{"minecraft:stone_pickaxe":39,"minecraft:wooden_pickaxe":18,"minecraft:orange_bed":2,"minecraft:dirt":11,"minecraft:sand":25,"minecraft:crafting_table":2,"minecraft:lime_bed":2,"minecraft:jungle_planks":3,"minecraft:granite":32,"minecraft:acacia_stairs":1,"minecraft:bread":6,"minecraft:polished_granite":4,"minecraft:stone_axe":25,"minecraft:cobblestone":2,"minecraft:andesite":2,"minecraft:acacia_planks":6},"minecraft:killed_by":{"mimic_dweller:mimic_dweller":1,"minecraft:skeleton":1,"alexsmobs:emu":1,"thebeastinthedark:the_dark_beast":4},"minecraft:picked_up":{"minecraft:cocoa_beans":6,"minecraft:lime_bed":2,"minecraft:crafting_table":3,"minecraft:andesite":3,"minecraft:jungle_log":19,"minecraft:smithing_table":1,"gravestone:obituary":2,"minecraft:shield":1,"minecraft:dirt":24,"minecraft:bone":2,"minecraft:acacia_planks":6,"minecraft:wheat_seeds":9,"alexsmobs:banana":1,"minecraft:bucket":1,"minecraft:stick":20,"minecraft:torch":1,"minecraft:acacia_log":4,"minecraft:sand":40,"minecraft:jungle_planks":12,"minecraft:acacia_stairs":1,"minecraft:orange_bed":2,"minecraft:arrow":1,"minecraft:rotten_flesh":2,"minecraft:stone_axe":1,"minecraft:hay_block":17,"minecraft:granite":37,"alexsmobs:emu_egg":7,"minecraft:bread":2,"minecraft:melon_seeds":1,"minecraft:andesite_slab":1,"minecraft:cobblestone":14},"minecraft:mined":{"minecraft:crafting_table":3,"gravestone:gravestone":4,"minecraft:granite":36,"minecraft:acacia_log":2,"minecraft:grass_block":5,"minecraft:jungle_planks":13,"minecraft:jungle_log":19,"minecraft:dead_bush":15,"minecraft:andesite_slab":1,"minecraft:hay_block":17,"minecraft:lime_bed":2,"minecraft:wheat":5,"minecraft:acacia_stairs":1,"minecraft:andesite":3,"minecraft:grass":13,"minecraft:vine":4,"minecraft:sand":40,"minecraft:acacia_door":1,"minecraft:dirt":20,"minecraft:acacia_planks":6,"minecraft:stone":15,"minecraft:oak_leaves":7,"minecraft:orange_bed":2},"minecraft:custom":{"minecraft:mob_kills":1,"minecraft:interact_with_crafting_table":7,"minecraft:leave_game":1,"minecraft:time_since_death":13195,"minecraft:sleep_in_bed":4,"minecraft:climb_one_cm":411,"minecraft:time_since_rest":13227,"minecraft:sprint_one_cm":200909,"minecraft:damage_taken":1690,"minecraft:walk_one_cm":179329,"minecraft:drop":20,"minecraft:damage_dealt":289,"minecraft:swim_one_cm":1719,"minecraft:fly_one_cm":185400,"minecraft:open_chest":3,"minecraft:crouch_one_cm":21012,"minecraft:play_time":69739,"minecraft:deaths":7,"minecraft:sneak_time":11492,"minecraft:walk_under_water_one_cm":1254,"minecraft:jump":1448,"minecraft:walk_on_water_one_cm":2366,"minecraft:total_world_time":69739,"minecraft:fall_one_cm":25178}},"DataVersion":3120}