{"stats":{"minecraft:killed":{"alexsmobs:tarantula_hawk":1,"minecraft:iron_golem":1,"minecraft:villager":2},"minecraft:broken":{"minecraft:golden_sword":1},"minecraft:picked_up":{"minecraft:lime_bed":2,"minecraft:crafting_table":3,"minecraft:wheat":33,"minecraft:cut_sandstone":19,"minecraft:wooden_pickaxe":2,"minecraft:smooth_sandstone_stairs":1,"gravestone:obituary":67,"minecraft:dirt":2,"minecraft:smooth_sandstone":5,"minecraft:red_sand":1,"minecraft:iron_ingot":6,"minecraft:poppy":2,"minecraft:chest":1,"minecraft:furnace":4,"minecraft:stick":3,"decayingmobsbackport:spirit_of_the_snatcher":2,"minecraft:torch":5,"minecraft:green_bed":7,"minecraft:jungle_planks":18,"minecraft:sand":10,"minecraft:blast_furnace":1,"minecraft:dead_bush":1,"minecraft:cyan_bed":4,"minecraft:spider_eye":1,"minecraft:smooth_sandstone_slab":1,"minecraft:light_gray_terracotta":1,"minecraft:cactus":8,"minecraft:hay_block":9,"minecraft:yellow_terracotta":1,"minecraft:bread":3,"minecraft:white_terracotta":1,"minecraft:terracotta":2,"minecraft:cobblestone":17},"minecraft:killed_by":{"mimic_dweller:mimic_dweller":3,"minecraft:player":12,"alexsmobs:kangaroo":1,"thebeastinthedark:the_dark_beast":6,"the_mangle:the_mangle":1},"minecraft:used":{"minecraft:water_bucket":40,"minecraft:red_sand":4,"minecraft:stone_sword":20,"minecraft:stone_pickaxe":26,"minecraft:shield":1,"minecraft:cactus":4,"minecraft:smooth_sandstone_slab":1,"minecraft:chest":3,"minecraft:wooden_pickaxe":31,"minecraft:white_terracotta":1,"minecraft:cut_sandstone":15,"minecraft:green_bed":7,"minecraft:torch":3,"minecraft:dirt":4,"minecraft:sand":13,"minecraft:terracotta":2,"minecraft:yellow_terracotta":1,"minecraft:crafting_table":5,"minecraft:blast_furnace":1,"minecraft:jungle_planks":135,"minecraft:light_gray_terracotta":1,"minecraft:wooden_axe":7,"minecraft:cyan_bed":4,"minecraft:bread":47,"minecraft:smooth_sandstone":2,"minecraft:stone_axe":19,"minecraft:golden_sword":12,"minecraft:wooden_sword":42,"minecraft:cobblestone":1,"minecraft:hay_block":18,"minecraft:furnace":4,"minecraft:bucket":41},"minecraft:dropped":{"minecraft:bread":85,"minecraft:wheat_seeds":14,"decayingmobsbackport:spirit_of_the_snatcher":3,"alexsmobs:animal_dictionary":1,"minecraft:light_gray_terracotta":2,"minecraft:wheat":71,"minecraft:obsidian":7,"minecraft:yellow_terracotta":2,"minecraft:rotten_flesh":1,"minecraft:jungle_planks":44,"alexsmobs:emu_egg":4,"minecraft:white_terracotta":2,"minecraft:poppy":2,"minecraft:lime_bed":2,"minecraft:hay_block":2,"minecraft:flower_pot":1,"minecraft:orange_terracotta":2,"minecraft:torch":2,"minecraft:wooden_axe":3,"minecraft:cut_sandstone":1,"minecraft:dead_bush":1,"gravestone:obituary":82,"minecraft:spider_eye":1,"minecraft:wooden_pickaxe":3,"minecraft:cactus":2,"minecraft:smooth_sandstone":1,"minecraft:bone":1},"minecraft:mined":{"minecraft:yellow_terracotta":1,"minecraft:cut_sandstone":20,"minecraft:smooth_sandstone":1,"minecraft:crafting_table":3,"minecraft:torch":2,"minecraft:light_gray_terracotta":1,"gravestone:gravestone":26,"minecraft:red_sand":2,"minecraft:blast_furnace":1,"minecraft:jungle_planks":18,"minecraft:chest":1,"minecraft:dead_bush":2,"minecraft:cobblestone":8,"minecraft:cyan_bed":1,"minecraft:smooth_sandstone_slab":1,"minecraft:wall_torch":2,"minecraft:cactus":1,"minecraft:hay_block":13,"minecraft:white_terracotta":1,"minecraft:lime_bed":2,"minecraft:furnace":4,"minecraft:sand":8,"minecraft:dirt":1,"minecraft:smooth_sandstone_stairs":1,"minecraft:terracotta":2,"minecraft:stone":4,"minecraft:green_bed":6},"minecraft:crafted":{"minecraft:wooden_sword":1,"minecraft:crafting_table":2,"minecraft:wooden_pickaxe":3,"minecraft:bucket":1,"minecraft:stone_axe":1,"minecraft:bread":237,"minecraft:jungle_planks":204,"minecraft:shield":2,"minecraft:stick":12,"minecraft:stone_pickaxe":2,"minecraft:stone_sword":2,"minecraft:chest":2,"minecraft:wheat":738},"minecraft:custom":{"minecraft:interact_with_furnace":2,"minecraft:mob_kills":5,"minecraft:interact_with_crafting_table":16,"minecraft:leave_game":8,"minecraft:time_since_death":30539,"minecraft:sleep_in_bed":16,"minecraft:time_since_rest":599,"minecraft:sprint_one_cm":149767,"minecraft:damage_taken":8526,"minecraft:walk_one_cm":184438,"minecraft:damage_blocked_by_shield":300,"minecraft:drop":140,"minecraft:damage_dealt":6162,"minecraft:swim_one_cm":3995,"minecraft:talked_to_villager":3,"minecraft:fly_one_cm":273475,"minecraft:player_kills":21,"minecraft:open_chest":74,"minecraft:crouch_one_cm":93572,"minecraft:play_time":160983,"minecraft:deaths":24,"minecraft:sneak_time":41219,"minecraft:walk_under_water_one_cm":10555,"minecraft:jump":2198,"minecraft:interact_with_blast_furnace":1,"minecraft:walk_on_water_one_cm":2514,"minecraft:total_world_time":160983,"minecraft:fall_one_cm":55875}},"DataVersion":3120}