{"stats":{"minecraft:picked_up":{"minecraft:wheat":33,"decayingmobsbackport:spirit_of_the_snatcher":2,"minecraft:green_bed":2,"minecraft:jungle_planks":2,"minecraft:sand":8,"gravestone:obituary":14,"minecraft:dirt":1,"minecraft:smooth_sandstone_slab":1,"minecraft:hay_block":9,"minecraft:bread":3,"minecraft:terracotta":1,"minecraft:cobblestone":6},"minecraft:dropped":{"minecraft:bread":7,"decayingmobsbackport:spirit_of_the_snatcher":2,"alexsmobs:animal_dictionary":1,"minecraft:wheat":66,"gravestone:obituary":14},"minecraft:crafted":{"minecraft:wooden_sword":1,"minecraft:stick":12,"minecraft:wooden_pickaxe":2,"minecraft:stone_pickaxe":1,"minecraft:stone_sword":1,"minecraft:chest":2,"minecraft:bread":64,"minecraft:jungle_planks":112,"minecraft:wheat":225},"minecraft:used":{"minecraft:red_sand":3,"minecraft:stone_pickaxe":2,"minecraft:bread":17,"minecraft:smooth_sandstone_slab":1,"minecraft:chest":2,"minecraft:wooden_pickaxe":16,"minecraft:green_bed":2,"minecraft:cobblestone":1,"minecraft:wooden_sword":6,"minecraft:dirt":4,"minecraft:sand":11,"minecraft:terracotta":1,"minecraft:hay_block":11,"minecraft:jungle_planks":19},"minecraft:custom":{"minecraft:time_since_rest":2848,"minecraft:sprint_one_cm":66068,"minecraft:damage_taken":2940,"minecraft:walk_one_cm":73074,"minecraft:mob_kills":1,"minecraft:drop":26,"minecraft:damage_dealt":1349,"minecraft:talked_to_villager":1,"minecraft:swim_one_cm":2763,"minecraft:interact_with_crafting_table":6,"minecraft:fly_one_cm":130578,"minecraft:player_kills":4,"minecraft:open_chest":32,"minecraft:crouch_one_cm":28840,"minecraft:play_time":76114,"minecraft:deaths":9,"minecraft:sneak_time":14997,"minecraft:walk_under_water_one_cm":1379,"minecraft:jump":857,"minecraft:leave_game":6,"minecraft:walk_on_water_one_cm":507,"minecraft:time_since_death":2813,"minecraft:sleep_in_bed":6,"minecraft:total_world_time":76114,"minecraft:fall_one_cm":15638},"minecraft:killed_by":{"thebeastinthedark:the_dark_beast":2,"mimic_dweller:mimic_dweller":2,"minecraft:player":4,"alexsmobs:kangaroo":1},"minecraft:killed":{"minecraft:villager":1},"minecraft:mined":{"minecraft:hay_block":10,"gravestone:gravestone":9,"minecraft:red_sand":1,"minecraft:jungle_planks":2,"minecraft:dead_bush":1,"minecraft:sand":8,"minecraft:dirt":1,"minecraft:stone":4,"minecraft:terracotta":1,"minecraft:smooth_sandstone_slab":1,"minecraft:green_bed":2}},"DataVersion":3120}