{"stats":{"minecraft:picked_up":{"minecraft:sand":5,"minecraft:dirt":1},"minecraft:dropped":{"alexsmobs:animal_dictionary":1},"minecraft:used":{"minecraft:dirt":4,"minecraft:sand":5,"minecraft:bread":1},"minecraft:custom":{"minecraft:time_since_rest":16942,"minecraft:open_chest":7,"minecraft:crouch_one_cm":3681,"minecraft:sprint_one_cm":13755,"minecraft:play_time":16942,"minecraft:damage_taken":50,"minecraft:walk_one_cm":6313,"minecraft:sneak_time":779,"minecraft:walk_under_water_one_cm":105,"minecraft:drop":1,"minecraft:jump":116,"minecraft:damage_dealt":10,"minecraft:leave_game":3,"minecraft:walk_on_water_one_cm":251,"minecraft:time_since_death":16942,"minecraft:total_world_time":16942,"minecraft:swim_one_cm":2763,"minecraft:fall_one_cm":3462,"minecraft:fly_one_cm":26504},"minecraft:mined":{"minecraft:sand":5,"minecraft:dirt":1}},"DataVersion":3120}