{"stats":{"minecraft:mined":{"minecraft:crafting_table":2,"minecraft:grass_block":8,"minecraft:poppy":1,"minecraft:glass":3,"minecraft:oxeye_daisy":1,"minecraft:hay_block":12,"minecraft:grass":5,"minecraft:coal_ore":1,"minecraft:dirt_path":1,"minecraft:dirt":2,"minecraft:acacia_planks":7,"minecraft:green_bed":7},"minecraft:custom":{"minecraft:interact_with_crafting_table":6,"minecraft:leave_game":3,"minecraft:time_since_death":3411,"minecraft:sleep_in_bed":7,"minecraft:climb_one_cm":302,"minecraft:time_since_rest":1117,"minecraft:waystone_activated":1,"minecraft:sprint_one_cm":114201,"minecraft:damage_taken":1455,"minecraft:walk_one_cm":81814,"minecraft:damage_blocked_by_shield":210,"minecraft:drop":43,"minecraft:damage_dealt":461,"minecraft:swim_one_cm":35146,"minecraft:talked_to_villager":2,"minecraft:fly_one_cm":337653,"minecraft:open_chest":8,"minecraft:crouch_one_cm":5492,"minecraft:play_time":55596,"minecraft:deaths":4,"minecraft:sneak_time":3044,"minecraft:walk_under_water_one_cm":3660,"minecraft:jump":1342,"minecraft:walk_on_water_one_cm":12200,"minecraft:total_world_time":55596,"minecraft:fall_one_cm":30714},"minecraft:killed_by":{"minecraft:player":1,"simon_12:simon_12":1,"the_impersonator:the_impersonator":1,"the_mangle:the_mangle":1},"minecraft:dropped":{"alexsmobs:acacia_blossom":1,"alexsmobs:animal_dictionary":1,"minecraft:rotten_flesh":1,"minecraft:acacia_log":20,"bossominium:the_bossdexium":1,"minecraft:poppy":3,"minecraft:shield":1,"minecraft:flower_pot":1,"minecraft:wooden_axe":1,"minecraft:wooden_sword":1,"hiccups_legacy:dragon_manual":1,"minecraft:wooden_pickaxe":1,"waystones:waystone":1,"alexsmobs:banana":1,"minecraft:paper":4,"minecraft:acacia_planks":118,"minecraft:dandelion":6},"minecraft:used":{"minecraft:acacia_log":1,"minecraft:baked_potato":2,"minecraft:wooden_pickaxe":1,"minecraft:shield":2,"minecraft:green_bed":6,"minecraft:dirt":2,"minecraft:crafting_table":2,"minecraft:wooden_axe":2,"minecraft:apple":3,"minecraft:bread":9,"minecraft:stone_axe":22,"tombstone:gift":1,"minecraft:acacia_planks":29},"minecraft:crafted":{"minecraft:crafting_table":1,"minecraft:wooden_pickaxe":1,"minecraft:stone_axe":1,"minecraft:bread":36,"minecraft:shield":3,"minecraft:stick":4,"minecraft:stone_pickaxe":1,"minecraft:wooden_axe":1,"minecraft:acacia_planks":44,"minecraft:wheat":108},"minecraft:picked_up":{"minecraft:wooden_axe":1,"minecraft:crafting_table":2,"minecraft:flower_pot":1,"alexsmobs:acacia_blossom":1,"minecraft:wooden_pickaxe":1,"minecraft:dirt":7,"minecraft:paper":4,"minecraft:wooden_sword":1,"minecraft:acacia_planks":162,"minecraft:apple":3,"minecraft:wheat_seeds":1,"minecraft:iron_ingot":3,"minecraft:poppy":3,"minecraft:stick":10,"minecraft:acacia_log":32,"minecraft:green_bed":7,"minecraft:dandelion":5,"minecraft:rotten_flesh":1,"waystones:waystone":1,"minecraft:hay_block":12,"minecraft:coal":6,"minecraft:cobblestone":6}},"DataVersion":3120}