{"stats":{"minecraft:picked_up":{"minecraft:wheat":33,"decayingmobsbackport:spirit_of_the_snatcher":2,"minecraft:green_bed":2,"minecraft:sand":8,"gravestone:obituary":8,"minecraft:dirt":1,"minecraft:hay_block":9,"minecraft:bread":3},"minecraft:dropped":{"minecraft:bread":6,"decayingmobsbackport:spirit_of_the_snatcher":2,"alexsmobs:animal_dictionary":1,"minecraft:wheat":66,"gravestone:obituary":11},"minecraft:crafted":{"minecraft:bread":64,"minecraft:wheat":225},"minecraft:used":{"minecraft:red_sand":3,"minecraft:bread":12,"minecraft:green_bed":2,"minecraft:dirt":4,"minecraft:sand":11,"minecraft:hay_block":11},"minecraft:custom":{"minecraft:time_since_rest":2590,"minecraft:sprint_one_cm":53465,"minecraft:damage_taken":1336,"minecraft:walk_one_cm":59517,"minecraft:mob_kills":1,"minecraft:drop":22,"minecraft:damage_dealt":595,"minecraft:talked_to_villager":1,"minecraft:player_kills":1,"minecraft:swim_one_cm":2763,"minecraft:interact_with_crafting_table":2,"minecraft:fly_one_cm":85459,"minecraft:open_chest":24,"minecraft:crouch_one_cm":22814,"minecraft:play_time":58422,"minecraft:deaths":3,"minecraft:sneak_time":12520,"minecraft:walk_under_water_one_cm":1379,"minecraft:jump":536,"minecraft:leave_game":5,"minecraft:time_since_death":21508,"minecraft:walk_on_water_one_cm":507,"minecraft:sleep_in_bed":6,"minecraft:total_world_time":58422,"minecraft:fall_one_cm":12712},"minecraft:killed_by":{"mimic_dweller:mimic_dweller":1,"minecraft:player":1,"alexsmobs:kangaroo":1},"minecraft:killed":{"minecraft:villager":1},"minecraft:mined":{"minecraft:hay_block":10,"gravestone:gravestone":3,"minecraft:red_sand":1,"minecraft:dead_bush":1,"minecraft:sand":8,"minecraft:dirt":1,"minecraft:green_bed":2}},"DataVersion":3120}