{"stats":{"minecraft:killed":{"alexsmobs:tarantula_hawk":1,"decayingmobsbackport:limb_snatcher":1,"decayingmobsbackport:limb_snatcher_victim":1,"minecraft:husk":1,"minecraft:iron_golem":1,"alexsmobs:komodo_dragon":1,"minecraft:villager":2},"minecraft:dropped":{"minecraft:iron_ingot":2,"minecraft:bread":195,"minecraft:wheat_seeds":14,"minecraft:crafting_table":1,"minecraft:yellow_terracotta":2,"minecraft:cobblestone":51,"minecraft:jungle_planks":90,"minecraft:stick":5,"minecraft:dirt":1,"minecraft:torch":3,"minecraft:wooden_axe":5,"minecraft:cut_sandstone":1,"minecraft:dead_bush":1,"gravestone:obituary":114,"minecraft:wooden_sword":2,"minecraft:flowering_azalea":2,"minecraft:smooth_sandstone_slab":4,"minecraft:cactus":3,"minecraft:string":2,"minecraft:smooth_sandstone":1,"minecraft:gold_ingot":1,"minecraft:bone":6,"minecraft:stone_axe":3,"minecraft:sugar_cane":33,"decayingmobsbackport:eyeball":1,"decayingmobsbackport:spirit_of_the_snatcher":5,"minecraft:stone_sword":2,"alexsmobs:animal_dictionary":1,"minecraft:light_gray_terracotta":2,"minecraft:green_bed":2,"minecraft:wheat":71,"minecraft:obsidian":7,"minecraft:rotten_flesh":2,"alexsmobs:emu_egg":7,"minecraft:white_terracotta":2,"minecraft:poppy":3,"minecraft:lime_bed":3,"minecraft:hay_block":2,"minecraft:shield":1,"minecraft:flower_pot":1,"minecraft:orange_terracotta":4,"minecraft:azalea":3,"minecraft:spider_eye":1,"minecraft:sandstone":22,"minecraft:red_sand":16,"minecraft:arrow":1,"minecraft:wooden_pickaxe":7,"minecraft:stone_pickaxe":2,"minecraft:terracotta":1},"minecraft:used":{"minecraft:red_sand":10,"minecraft:stone_sword":30,"minecraft:chest":3,"minecraft:white_terracotta":1,"minecraft:shield":3,"minecraft:smooth_sandstone_stairs":1,"decayingmobsbackport:eyeball":1,"minecraft:torch":3,"minecraft:dirt":4,"minecraft:jungle_planks":214,"minecraft:wooden_axe":7,"minecraft:smooth_sandstone":18,"minecraft:jungle_log":7,"minecraft:golden_sword":12,"minecraft:hay_block":18,"minecraft:furnace":4,"minecraft:orange_terracotta":1,"minecraft:water_bucket":153,"minecraft:stone_pickaxe":92,"minecraft:smooth_sandstone_slab":1,"minecraft:cactus":4,"minecraft:wooden_pickaxe":38,"minecraft:sandstone":14,"minecraft:cut_sandstone":15,"minecraft:green_bed":11,"minecraft:sand":56,"minecraft:terracotta":5,"minecraft:yellow_terracotta":2,"minecraft:crafting_table":7,"minecraft:lime_bed":6,"minecraft:blast_furnace":1,"minecraft:light_gray_terracotta":1,"minecraft:bread":100,"minecraft:cyan_bed":4,"minecraft:red_terracotta":5,"minecraft:stone_axe":25,"minecraft:wooden_sword":42,"minecraft:cobblestone":26,"minecraft:bucket":154},"minecraft:crafted":{"minecraft:wooden_sword":1,"minecraft:stone_pickaxe":2,"minecraft:chest":2,"minecraft:wheat":738,"minecraft:crafting_table":2,"minecraft:wooden_pickaxe":3,"minecraft:iron_sword":1,"minecraft:bucket":1,"minecraft:stone_axe":1,"minecraft:bread":237,"minecraft:jungle_planks":204,"minecraft:shield":2,"minecraft:stick":12,"minecraft:iron_pickaxe":1,"minecraft:stone_sword":2},"minecraft:killed_by":{"decayingmobsbackport:weeping_chaser":2,"minecraft:player":12,"minecraft:iron_golem":1,"jacky:jacky":1,"the_mangle:the_mangle":2,"decayingmobsbackport:limb_snatcher":2,"mimic_dweller:mimic_dweller":3,"simon_12:simon_12":1,"alexsmobs:kangaroo":1,"thebeastinthedark:the_dark_beast":8,"krampus:krampus":1},"minecraft:picked_up":{"minecraft:crafting_table":4,"minecraft:wheat":33,"minecraft:wooden_pickaxe":2,"alexsmobs:roadrunner_feather":2,"gravestone:obituary":70,"minecraft:red_sand":7,"decayingmobsbackport:eyeball":2,"minecraft:azalea":1,"minecraft:poppy":2,"minecraft:chest":1,"minecraft:furnace":4,"minecraft:stick":16,"minecraft:sandstone":34,"minecraft:torch":5,"minecraft:green_bed":11,"minecraft:smooth_sandstone_slab":1,"minecraft:stone_sword":2,"minecraft:cactus":9,"minecraft:hay_block":9,"alexsmobs:emu_egg":1,"minecraft:yellow_terracotta":2,"minecraft:white_terracotta":1,"minecraft:cobblestone":32,"minecraft:lime_bed":9,"minecraft:jungle_log":7,"minecraft:cut_sandstone":19,"minecraft:smooth_sandstone_stairs":1,"minecraft:dirt":2,"minecraft:orange_terracotta":4,"minecraft:smooth_sandstone":8,"minecraft:bone":3,"minecraft:iron_ingot":12,"minecraft:flowering_azalea":1,"decayingmobsbackport:spirit_of_the_snatcher":5,"minecraft:sand":46,"minecraft:jungle_planks":33,"minecraft:blast_furnace":1,"minecraft:dead_bush":1,"minecraft:cyan_bed":4,"minecraft:red_terracotta":5,"minecraft:spider_eye":1,"minecraft:light_gray_terracotta":1,"minecraft:stone_axe":1,"minecraft:bread":11,"minecraft:terracotta":7},"minecraft:broken":{"minecraft:golden_sword":1},"minecraft:mined":{"minecraft:yellow_terracotta":2,"gravestone:gravestone":38,"minecraft:red_sand":8,"minecraft:jungle_planks":33,"minecraft:moss_block":1,"minecraft:sandstone":40,"minecraft:hay_block":13,"minecraft:furnace":4,"minecraft:smooth_sandstone_stairs":1,"minecraft:stone":12,"minecraft:green_bed":8,"minecraft:orange_bed":1,"minecraft:cut_sandstone":20,"minecraft:orange_terracotta":1,"minecraft:smooth_sandstone":4,"minecraft:crafting_table":4,"minecraft:torch":2,"minecraft:light_gray_terracotta":1,"minecraft:blast_furnace":1,"minecraft:chest":1,"minecraft:dead_bush":9,"minecraft:cobblestone":18,"minecraft:cyan_bed":1,"minecraft:smooth_sandstone_slab":1,"minecraft:wall_torch":2,"minecraft:white_terracotta":1,"minecraft:lime_bed":8,"minecraft:red_terracotta":6,"minecraft:cactus":1,"minecraft:grass":1,"minecraft:sand":50,"minecraft:dirt":1,"minecraft:terracotta":3},"minecraft:custom":{"minecraft:mob_kills":8,"minecraft:interact_with_crafting_table":22,"minecraft:leave_game":24,"minecraft:time_since_death":25975,"minecraft:sprint_one_cm":523013,"minecraft:walk_one_cm":388335,"minecraft:damage_blocked_by_shield":380,"minecraft:drop":260,"minecraft:talked_to_villager":3,"minecraft:play_time":407425,"minecraft:deaths":36,"minecraft:sneak_time":114574,"minecraft:walk_under_water_one_cm":49913,"minecraft:jump":7593,"minecraft:interact_with_blast_furnace":2,"minecraft:walk_on_water_one_cm":18625,"minecraft:total_world_time":407425,"minecraft:interact_with_furnace":4,"minecraft:sleep_in_bed":39,"minecraft:time_since_rest":1628,"minecraft:damage_taken":13241,"minecraft:damage_dealt":6797,"minecraft:swim_one_cm":54599,"minecraft:fly_one_cm":1295670,"minecraft:player_kills":22,"minecraft:open_chest":83,"minecraft:crouch_one_cm":242873,"minecraft:fall_one_cm":201357}},"DataVersion":3120}