{"stats":{"minecraft:killed":{"alexsmobs:tarantula_hawk":1,"decayingmobsbackport:limb_snatcher":1,"minecraft:husk":1,"minecraft:iron_golem":1,"minecraft:villager":2,"alexsmobs:komodo_dragon":1},"minecraft:dropped":{"minecraft:iron_ingot":2,"minecraft:bread":195,"minecraft:wheat_seeds":14,"minecraft:crafting_table":1,"minecraft:yellow_terracotta":2,"minecraft:cobblestone":51,"minecraft:jungle_planks":90,"minecraft:stick":5,"minecraft:torch":3,"minecraft:wooden_axe":4,"minecraft:cut_sandstone":1,"minecraft:dead_bush":1,"gravestone:obituary":90,"minecraft:wooden_sword":1,"minecraft:flowering_azalea":2,"minecraft:cactus":3,"minecraft:string":2,"minecraft:smooth_sandstone":1,"minecraft:gold_ingot":1,"minecraft:bone":3,"minecraft:stone_axe":3,"minecraft:sugar_cane":33,"decayingmobsbackport:eyeball":1,"decayingmobsbackport:spirit_of_the_snatcher":5,"minecraft:stone_sword":1,"alexsmobs:animal_dictionary":1,"minecraft:light_gray_terracotta":2,"minecraft:wheat":71,"minecraft:obsidian":7,"minecraft:rotten_flesh":1,"alexsmobs:emu_egg":7,"minecraft:white_terracotta":2,"minecraft:poppy":2,"minecraft:lime_bed":3,"minecraft:hay_block":2,"minecraft:shield":1,"minecraft:flower_pot":1,"minecraft:orange_terracotta":2,"minecraft:azalea":3,"minecraft:spider_eye":1,"minecraft:sandstone":22,"minecraft:arrow":1,"minecraft:stone_pickaxe":2,"minecraft:wooden_pickaxe":4},"minecraft:used":{"minecraft:red_sand":4,"minecraft:stone_sword":30,"minecraft:chest":3,"minecraft:shield":3,"minecraft:white_terracotta":1,"minecraft:smooth_sandstone_stairs":1,"decayingmobsbackport:eyeball":1,"minecraft:torch":3,"minecraft:dirt":4,"minecraft:jungle_planks":214,"minecraft:wooden_axe":7,"minecraft:smooth_sandstone":2,"minecraft:jungle_log":7,"minecraft:golden_sword":12,"minecraft:hay_block":18,"minecraft:furnace":4,"minecraft:orange_terracotta":1,"minecraft:water_bucket":153,"minecraft:stone_pickaxe":92,"minecraft:smooth_sandstone_slab":1,"minecraft:cactus":4,"minecraft:wooden_pickaxe":31,"minecraft:sandstone":14,"minecraft:cut_sandstone":15,"minecraft:green_bed":8,"minecraft:sand":13,"minecraft:terracotta":5,"minecraft:yellow_terracotta":2,"minecraft:lime_bed":6,"minecraft:crafting_table":5,"minecraft:blast_furnace":1,"minecraft:light_gray_terracotta":1,"minecraft:cyan_bed":4,"minecraft:bread":79,"minecraft:red_terracotta":5,"minecraft:stone_axe":25,"minecraft:wooden_sword":42,"minecraft:cobblestone":20,"minecraft:bucket":154},"minecraft:crafted":{"minecraft:wooden_sword":1,"minecraft:stone_pickaxe":2,"minecraft:chest":2,"minecraft:wheat":738,"minecraft:crafting_table":2,"minecraft:wooden_pickaxe":3,"minecraft:bucket":1,"minecraft:stone_axe":1,"minecraft:bread":237,"minecraft:jungle_planks":204,"minecraft:shield":2,"minecraft:stick":12,"minecraft:stone_sword":2},"minecraft:killed_by":{"decayingmobsbackport:weeping_chaser":1,"minecraft:player":12,"minecraft:iron_golem":1,"the_mangle:the_mangle":2,"decayingmobsbackport:limb_snatcher":1,"mimic_dweller:mimic_dweller":3,"alexsmobs:kangaroo":1,"thebeastinthedark:the_dark_beast":8},"minecraft:picked_up":{"minecraft:crafting_table":3,"minecraft:wheat":33,"minecraft:wooden_pickaxe":2,"alexsmobs:roadrunner_feather":1,"gravestone:obituary":68,"minecraft:red_sand":1,"decayingmobsbackport:eyeball":2,"minecraft:azalea":1,"minecraft:poppy":2,"minecraft:chest":1,"minecraft:furnace":4,"minecraft:stick":8,"minecraft:sandstone":34,"minecraft:torch":5,"minecraft:green_bed":7,"minecraft:smooth_sandstone_slab":1,"minecraft:cactus":9,"minecraft:hay_block":9,"minecraft:yellow_terracotta":2,"alexsmobs:emu_egg":1,"minecraft:white_terracotta":1,"minecraft:cobblestone":29,"minecraft:lime_bed":9,"minecraft:jungle_log":7,"minecraft:cut_sandstone":19,"minecraft:smooth_sandstone_stairs":1,"minecraft:dirt":2,"minecraft:orange_terracotta":4,"minecraft:smooth_sandstone":5,"minecraft:iron_ingot":7,"minecraft:flowering_azalea":1,"decayingmobsbackport:spirit_of_the_snatcher":5,"minecraft:jungle_planks":30,"minecraft:sand":10,"minecraft:blast_furnace":1,"minecraft:dead_bush":1,"minecraft:cyan_bed":4,"minecraft:red_terracotta":5,"minecraft:spider_eye":1,"minecraft:light_gray_terracotta":1,"minecraft:stone_axe":1,"minecraft:bread":4,"minecraft:terracotta":7},"minecraft:broken":{"minecraft:golden_sword":1},"minecraft:mined":{"minecraft:yellow_terracotta":2,"gravestone:gravestone":32,"minecraft:red_sand":2,"minecraft:jungle_planks":30,"minecraft:moss_block":1,"minecraft:sandstone":40,"minecraft:hay_block":13,"minecraft:furnace":4,"minecraft:smooth_sandstone_stairs":1,"minecraft:stone":9,"minecraft:green_bed":6,"minecraft:cut_sandstone":20,"minecraft:orange_terracotta":1,"minecraft:smooth_sandstone":1,"minecraft:crafting_table":3,"minecraft:torch":2,"minecraft:light_gray_terracotta":1,"minecraft:blast_furnace":1,"minecraft:chest":1,"minecraft:dead_bush":4,"minecraft:cobblestone":18,"minecraft:cyan_bed":1,"minecraft:smooth_sandstone_slab":1,"minecraft:wall_torch":2,"minecraft:white_terracotta":1,"minecraft:lime_bed":8,"minecraft:red_terracotta":6,"minecraft:cactus":1,"minecraft:sand":8,"minecraft:dirt":1,"minecraft:terracotta":3},"minecraft:custom":{"minecraft:mob_kills":7,"minecraft:interact_with_crafting_table":20,"minecraft:leave_game":13,"minecraft:time_since_death":460,"minecraft:sprint_one_cm":342289,"minecraft:walk_one_cm":292421,"minecraft:damage_blocked_by_shield":380,"minecraft:drop":219,"minecraft:talked_to_villager":3,"minecraft:play_time":319080,"minecraft:deaths":30,"minecraft:sneak_time":101163,"minecraft:walk_under_water_one_cm":47662,"minecraft:jump":4988,"minecraft:interact_with_blast_furnace":1,"minecraft:walk_on_water_one_cm":17852,"minecraft:total_world_time":319080,"minecraft:interact_with_furnace":3,"minecraft:sleep_in_bed":36,"minecraft:time_since_rest":497,"minecraft:damage_taken":11047,"minecraft:damage_dealt":6557,"minecraft:swim_one_cm":45854,"minecraft:fly_one_cm":845879,"minecraft:player_kills":22,"minecraft:open_chest":74,"minecraft:crouch_one_cm":227958,"minecraft:fall_one_cm":124048}},"DataVersion":3120}