{"stats":{"minecraft:mined":{"minecraft:dead_bush":4},"minecraft:picked_up":{"minecraft:stick":4,"minecraft:spider_eye":1,"alexsmobs:animal_dictionary":1},"minecraft:killed":{"minecraft:spider":1},"minecraft:killed_by":{"decayingmobsbackport:limb_snatcher":1,"minecraft:zombie":1,"jacky:jacky":1,"decayingmobsbackport:weeping_chaser":4},"minecraft:custom":{"minecraft:jump":192,"minecraft:time_since_rest":515,"minecraft:leave_game":2,"minecraft:time_since_death":0,"minecraft:play_time":6106,"minecraft:sprint_one_cm":25209,"minecraft:walk_one_cm":14092,"minecraft:deaths":7,"minecraft:total_world_time":6106,"minecraft:mob_kills":1,"minecraft:fall_one_cm":2566,"minecraft:fly_one_cm":54415,"minecraft:damage_dealt":161,"minecraft:damage_taken":1710}},"DataVersion":3120}