{"stats":{"minecraft:dropped":{"minecraft:enchanted_book":1,"minecraft:iron_ingot":1,"minecraft:bread":8,"minecraft:wheat_seeds":6,"minecraft:baked_potato":7,"minecraft:mossy_cobblestone":1,"minecraft:feather":1,"minecraft:cobblestone":2,"minecraft:leather":2,"minecraft:iron_horse_armor":1,"minecraft:saddle":2,"minecraft:spruce_stairs":1,"minecraft:acacia_log":1,"minecraft:chainmail_helmet":1,"minecraft:coal":6,"bossominium:the_bossdexium":2,"minecraft:cobweb":2,"minecraft:dirt":1,"blue_skies:blue_journal":1,"minecraft:stone_button":2,"tombstone:grave_key":4,"minecraft:dark_oak_wood":2,"minecraft:wooden_axe":3,"minecraft:smooth_quartz":6,"minecraft:iron_door":2,"minecraft:map":4,"minecraft:wooden_sword":2,"minecraft:writable_book":2,"minecraft:sand":44,"minecraft:smooth_stone":7,"minecraft:chainmail_leggings":1,"minecraft:paper":10,"minecraft:string":85,"minecraft:tripwire_hook":1,"dynamictrees:acacia_seed":1,"minecraft:acacia_planks":252,"minecraft:cyan_carpet":12,"minecraft:dandelion":1,"minecraft:bone":142,"minecraft:stone_axe":1,"alexsmobs:maggot":3,"minecraft:spyglass":1,"minecraft:stone_sword":1,"minecraft:coarse_dirt":1,"alexsmobs:animal_dictionary":3,"minecraft:wheat":3,"minecraft:red_banner":3,"minecraft:rotten_flesh":19,"minecraft:oak_planks":1,"sophisticatedbackpacks:backpack":2,"minecraft:light_gray_concrete":2,"minecraft:spruce_fence":7,"minecraft:pumpkin_seeds":3,"minecraft:suspicious_stew":2,"minecraft:diamond_sword":3,"minecraft:hay_block":16,"minecraft:stone":1,"vampirism:vampire_fang":1,"aether:chainmail_gloves":3,"minecraft:spruce_planks":11,"minecraft:spruce_wood":10,"minecraft:chainmail_boots":1,"minecraft:chest":1,"minecraft:spider_eye":18,"minecraft:bamboo":1,"minecraft:spruce_slab":3,"minecraft:sandstone":1,"hiccups_legacy:dragon_manual":4,"minecraft:wooden_pickaxe":2,"minecraft:stone_pickaxe":1,"bossominium:guardian_sapling":1,"minecraft:dark_prismarine":1,"minecraft:black_wool":1,"minecraft:brick":10},"minecraft:crafted":{"minecraft:wooden_sword":1,"minecraft:stone_pickaxe":1,"minecraft:chest":1,"minecraft:dark_oak_planks":48,"minecraft:wheat":423,"blue_skies:blue_journal":1,"minecraft:diamond_sword":1,"sophisticatedbackpacks:backpack":2,"minecraft:crafting_table":6,"minecraft:spruce_planks":20,"minecraft:wooden_pickaxe":1,"minecraft:stone_axe":2,"minecraft:bread":141,"minecraft:air":0,"minecraft:emerald_block":10,"minecraft:shield":2,"minecraft:stick":32,"minecraft:iron_ingot":2,"minecraft:iron_pickaxe":1,"minecraft:wooden_axe":3,"minecraft:stone_sword":1,"minecraft:acacia_planks":176,"minecraft:torch":40},"minecraft:used":{"minecraft:iron_shovel":55,"minecraft:writable_book":2,"minecraft:acacia_log":1,"minecraft:stone_sword":18,"minecraft:spruce_planks":29,"minecraft:shield":159,"minecraft:stone":2,"minecraft:smooth_sandstone_stairs":1,"minecraft:torch":43,"minecraft:dirt":8,"minecraft:spyglass":1,"minecraft:spruce_stairs":1,"minecraft:spruce_fence":3,"minecraft:dark_oak_planks":53,"alexsmobs:maggot":3,"minecraft:wooden_axe":77,"minecraft:chipped_anvil":1,"minecraft:bookshelf":1,"minecraft:spruce_wood":11,"minecraft:smooth_quartz":72,"minecraft:item_frame":1,"minecraft:golden_carrot":6,"minecraft:bow":23,"minecraft:beef":20,"minecraft:hay_block":8,"tombstone:gift":7,"minecraft:potato":9,"minecraft:acacia_planks":319,"minecraft:dark_oak_stairs":1,"minecraft:baked_potato":14,"minecraft:birch_planks":7,"minecraft:stone_pickaxe":132,"minecraft:oak_planks":4,"minecraft:cut_sandstone":2,"minecraft:wooden_pickaxe":56,"minecraft:green_bed":3,"minecraft:golden_apple":4,"minecraft:sand":27,"minecraft:terracotta":15,"minecraft:yellow_terracotta":2,"minecraft:crafting_table":12,"waystones:waystone":1,"minecraft:dark_prismarine":5,"minecraft:flower_pot":2,"minecraft:black_wool":1,"minecraft:apple":1,"minecraft:spruce_pressure_plate":2,"minecraft:iron_pickaxe":57,"minecraft:melon_slice":4,"minecraft:bread":64,"minecraft:cyan_bed":23,"minecraft:green_carpet":2,"minecraft:cyan_carpet":10,"dynamictrees:acacia_seed":9,"minecraft:stone_axe":120,"minecraft:wooden_sword":19,"minecraft:diamond_sword":746,"minecraft:cobblestone":61,"minecraft:jungle_door":1,"minecraft:yellow_bed":4,"alexsmobs:animal_dictionary":1,"minecraft:coarse_dirt":7,"alexsmobs:emu_egg":1},"minecraft:killed":{"vampirism:vampire":3,"minecraft:cave_spider":14,"minecraft:spider":22,"minecraft:skeleton":4,"minecraft:husk":1,"minecraft:zombie_villager":1,"alexsmobs:gazelle":2,"minecraft:wither_skeleton":70,"minecraft:cow":9},"minecraft:custom":{"minecraft:interact_with_anvil":7,"minecraft:mob_kills":139,"minecraft:interact_with_crafting_table":36,"minecraft:open_barrel":11,"minecraft:bell_ring":2,"minecraft:damage_dealt_resisted":9465,"minecraft:leave_game":6,"minecraft:time_since_death":16208,"minecraft:climb_one_cm":50409,"minecraft:sprint_one_cm":1188872,"minecraft:walk_one_cm":576555,"minecraft:damage_blocked_by_shield":7381,"minecraft:drop":171,"minecraft:play_noteblock":1,"minecraft:talked_to_villager":7,"minecraft:play_time":434232,"minecraft:deaths":74,"minecraft:sneak_time":28551,"minecraft:walk_under_water_one_cm":7483,"minecraft:interact_with_brewingstand":1,"minecraft:jump":7435,"minecraft:interact_with_blast_furnace":2,"minecraft:walk_on_water_one_cm":56301,"minecraft:total_world_time":434232,"minecraft:interact_with_furnace":8,"minecraft:traded_with_villager":1,"minecraft:interact_with_cartography_table":7,"minecraft:tune_noteblock":7,"minecraft:interact_with_stonecutter":1,"minecraft:sleep_in_bed":16,"minecraft:time_since_rest":15995,"minecraft:waystone_activated":2,"minecraft:damage_taken":25209,"minecraft:damage_absorbed":159,"minecraft:damage_dealt":51772,"minecraft:player_kills":3,"minecraft:swim_one_cm":120131,"minecraft:fly_one_cm":1626808,"minecraft:open_chest":72,"minecraft:crouch_one_cm":47084,"tombstone:undead_killed":76,"minecraft:interact_with_smoker":2,"minecraft:fall_one_cm":131191,"minecraft:interact_with_smithing_table":1},"minecraft:killed_by":{"alexsmobs:skelewag":2,"minecraft:wither_skeleton":20,"hiccups_legacy:gronckle":1,"sackman:sackman":2,"jacky:jacky":8,"the_impersonator:the_impersonator":3,"the_mangle:the_mangle":2,"mimicer:mimicer":7,"vivilly_dweller:vivilly_dweller":6,"mimic_dweller:mimic_dweller":5,"simon_12:simon_12":2,"minecraft:cave_spider":1,"minecraft:skeleton":7,"assimilator:assimilator":3,"krampus:krampus":3},"minecraft:picked_up":{"minecraft:wooden_axe":1,"minecraft:coarse_dirt":7,"minecraft:crafting_table":6,"minecraft:wheat":3,"minecraft:flower_pot":2,"minecraft:suspicious_stew":2,"minecraft:diamond_sword":13,"minecraft:wooden_pickaxe":2,"minecraft:enchanted_book":3,"tombstone:grave_key":4,"minecraft:shield":1,"minecraft:cornflower":1,"minecraft:string":80,"minecraft:wooden_sword":1,"hiccups_legacy:dragon_manual":3,"minecraft:iron_shovel":1,"minecraft:cyan_carpet":22,"alexsmobs:emu_feather":2,"minecraft:spruce_planks":31,"minecraft:beef":20,"minecraft:smooth_quartz":85,"minecraft:spruce_slab":3,"minecraft:melon_slice":4,"minecraft:chest":2,"minecraft:spruce_pressure_plate":2,"minecraft:stick":67,"minecraft:sandstone":1,"minecraft:stone":1,"minecraft:jungle_door":1,"minecraft:torch":2,"minecraft:acacia_log":46,"minecraft:green_bed":3,"minecraft:spruce_stairs":2,"sophisticatedbackpacks:backpack":1,"minecraft:spruce_fence":11,"minecraft:stone_button":2,"tombstone:grave_dust":16,"vampirism:vampire_fang":3,"minecraft:dark_oak_planks":12,"minecraft:stone_sword":1,"minecraft:arrow":30,"minecraft:rotten_flesh":19,"minecraft:hay_block":70,"minecraft:yellow_terracotta":2,"alexsmobs:emu_egg":1,"minecraft:saddle":1,"minecraft:gold_ingot":11,"minecraft:cobblestone":75,"minecraft:feather":1,"minecraft:iron_door":2,"minecraft:leather":9,"minecraft:cut_sandstone":2,"minecraft:birch_planks":9,"minecraft:smooth_sandstone_stairs":1,"minecraft:yellow_bed":4,"minecraft:wither_skeleton_skull":1,"minecraft:dirt":9,"minecraft:paper":3,"minecraft:chipped_anvil":2,"minecraft:bone":140,"minecraft:acacia_planks":447,"minecraft:wheat_seeds":6,"minecraft:spruce_wood":28,"minecraft:iron_ingot":4,"minecraft:stone_pickaxe":2,"tombstone:bag_of_seeds":2,"minecraft:oak_planks":23,"minecraft:dark_oak_stairs":1,"minecraft:book":6,"minecraft:dandelion":1,"minecraft:spyglass":1,"minecraft:sand":71,"dynamictrees:acacia_seed":9,"minecraft:red_banner":3,"minecraft:spider_eye":20,"minecraft:cyan_bed":23,"minecraft:green_carpet":2,"alexsmobs:animal_dictionary":2,"minecraft:mossy_cobblestone":1,"minecraft:dark_prismarine":11,"minecraft:light_gray_concrete":2,"minecraft:pumpkin_seeds":2,"bossominium:the_bossdexium":2,"waystones:waystone":1,"minecraft:writable_book":2,"minecraft:chainmail_leggings":1,"minecraft:bread":27,"minecraft:golden_horse_armor":1,"minecraft:emerald":5,"alexsmobs:maggot":4,"minecraft:terracotta":15,"tombstone:magic_scroll":1,"minecraft:dark_oak_wood":17,"minecraft:coal":50},"minecraft:broken":{"minecraft:stone_sword":1,"minecraft:chainmail_helmet":1,"minecraft:wooden_pickaxe":1,"minecraft:stone_pickaxe":1,"minecraft:shield":2,"minecraft:chainmail_chestplate":1,"minecraft:stone_axe":1,"minecraft:wooden_axe":1,"aether:chainmail_gloves":2,"minecraft:diamond_sword":2},"minecraft:mined":{"minecraft:dark_oak_planks":11,"minecraft:dark_prismarine":11,"minecraft:spruce_planks":28,"minecraft:acacia_log":7,"minecraft:stone_button":1,"minecraft:spruce_fence":3,"minecraft:grass_block":7,"minecraft:spawner":11,"minecraft:hay_block":70,"minecraft:fire":1,"minecraft:bookshelf":2,"minecraft:spruce_pressure_plate":2,"minecraft:green_carpet":2,"minecraft:potted_cornflower":1,"minecraft:spruce_wood":17,"minecraft:stone":62,"minecraft:spruce_slab":1,"minecraft:green_bed":3,"minecraft:jungle_door":1,"minecraft:crafting_table":6,"minecraft:dark_oak_wood":13,"minecraft:melon":1,"minecraft:chest":1,"minecraft:tall_grass":3,"minecraft:cobblestone":9,"minecraft:cyan_bed":23,"minecraft:oak_planks":21,"minecraft:iron_door":1,"minecraft:wall_torch":2,"minecraft:spruce_stairs":1,"minecraft:cyan_wool":1,"minecraft:birch_planks":8,"minecraft:coarse_dirt":7,"minecraft:birch_leaves":3,"dynamictrees:birch_leaves":2,"minecraft:yellow_bed":4,"minecraft:grass":21,"minecraft:coal_ore":25,"minecraft:sand":41,"minecraft:flower_pot":1,"minecraft:cyan_carpet":12,"minecraft:smooth_quartz":78,"minecraft:dirt":3,"minecraft:terracotta":17,"minecraft:acacia_planks":123,"minecraft:chipped_anvil":2,"minecraft:yellow_terracotta":2}},"DataVersion":3120}