{"stats":{"minecraft:custom":{"minecraft:interact_with_crafting_table":36,"minecraft:open_barrel":28,"minecraft:bell_ring":2,"minecraft:leave_game":9,"minecraft:time_since_death":58726,"minecraft:sprint_one_cm":1426518,"minecraft:damage_blocked_by_shield":7381,"minecraft:drop":185,"minecraft:play_noteblock":1,"minecraft:talked_to_villager":8,"minecraft:play_time":523513,"minecraft:deaths":76,"minecraft:jump":8492,"minecraft:interact_with_brewingstand":1,"minecraft:walk_on_water_one_cm":70594,"minecraft:interact_with_furnace":8,"minecraft:traded_with_villager":1,"minecraft:interact_with_cartography_table":7,"minecraft:sleep_in_bed":23,"minecraft:waystone_activated":2,"minecraft:damage_dealt":55062,"minecraft:player_kills":3,"minecraft:crouch_one_cm":49620,"tombstone:undead_killed":81,"minecraft:interact_with_smoker":2,"minecraft:horse_one_cm":267571,"minecraft:interact_with_smithing_table":1,"minecraft:mob_kills":146,"minecraft:interact_with_anvil":7,"minecraft:damage_dealt_resisted":9465,"minecraft:climb_one_cm":52340,"minecraft:walk_one_cm":666804,"minecraft:sneak_time":29687,"minecraft:walk_under_water_one_cm":8496,"minecraft:interact_with_lectern":1,"minecraft:interact_with_blast_furnace":2,"minecraft:total_world_time":523513,"minecraft:tune_noteblock":7,"minecraft:interact_with_stonecutter":1,"minecraft:time_since_rest":10587,"minecraft:damage_absorbed":240,"minecraft:damage_taken":27038,"minecraft:swim_one_cm":136983,"minecraft:fly_one_cm":1900520,"minecraft:open_chest":83,"minecraft:fall_one_cm":164651},"minecraft:mined":{"minecraft:dark_oak_planks":11,"minecraft:spruce_planks":28,"minecraft:acacia_log":7,"minecraft:grass_block":7,"minecraft:spawner":11,"minecraft:fire":1,"minecraft:spruce_pressure_plate":2,"minecraft:green_carpet":2,"minecraft:spruce_wood":17,"minecraft:potted_cornflower":1,"minecraft:spruce_slab":1,"minecraft:green_bed":3,"minecraft:jungle_door":1,"minecraft:red_bed":6,"minecraft:dark_oak_wood":13,"minecraft:melon":1,"minecraft:chest":1,"hiccups_legacy:dragon_nip":1,"minecraft:cobblestone":15,"minecraft:cyan_bed":28,"minecraft:oak_planks":21,"minecraft:iron_door":1,"minecraft:wall_torch":2,"minecraft:cyan_wool":1,"dynamictrees:birch_leaves":2,"minecraft:black_bed":4,"minecraft:grass":24,"minecraft:sand":41,"minecraft:dirt":3,"minecraft:smooth_quartz":78,"minecraft:yellow_terracotta":2,"minecraft:dark_prismarine":11,"minecraft:stone_button":1,"minecraft:spruce_fence":3,"minecraft:hay_block":70,"dynamictrees:oak_leaves":1,"minecraft:bookshelf":2,"minecraft:stone":62,"minecraft:white_wool":2,"minecraft:hanging_roots":1,"minecraft:crafting_table":6,"minecraft:tall_grass":3,"minecraft:spruce_stairs":1,"minecraft:birch_planks":8,"minecraft:coarse_dirt":7,"minecraft:birch_leaves":3,"minecraft:yellow_bed":4,"minecraft:coal_ore":25,"minecraft:flower_pot":1,"minecraft:cyan_carpet":12,"minecraft:acacia_planks":123,"minecraft:terracotta":17,"minecraft:chipped_anvil":2,"minecraft:fern":1},"minecraft:picked_up":{"minecraft:wooden_axe":1,"minecraft:wheat":3,"minecraft:flower_pot":2,"minecraft:suspicious_stew":2,"minecraft:diamond_sword":13,"minecraft:enchanted_book":3,"tombstone:grave_key":4,"minecraft:string":81,"alexsmobs:emu_feather":2,"minecraft:spruce_planks":31,"minecraft:smooth_quartz":85,"minecraft:melon_slice":4,"minecraft:spruce_pressure_plate":2,"minecraft:stick":71,"minecraft:jungle_door":1,"minecraft:green_bed":3,"minecraft:torch":2,"minecraft:acacia_log":46,"minecraft:spruce_stairs":2,"tombstone:grave_dust":16,"vampirism:vampire_fang":3,"irons_spellbooks:fire_rune":1,"minecraft:stone_sword":1,"minecraft:rotten_flesh":21,"alexsmobs:emu_egg":1,"minecraft:cobblestone":83,"minecraft:feather":1,"minecraft:iron_door":2,"minecraft:black_bed":4,"minecraft:smooth_sandstone_stairs":1,"minecraft:wither_skeleton_skull":1,"minecraft:dirt":9,"minecraft:bone":142,"minecraft:chipped_anvil":2,"minecraft:acacia_planks":447,"minecraft:wheat_seeds":7,"minecraft:oak_planks":23,"irons_spellbooks:fireward_ring":1,"minecraft:sand":71,"dynamictrees:acacia_seed":9,"minecraft:cyan_bed":28,"minecraft:mossy_cobblestone":1,"alexsmobs:animal_dictionary":2,"minecraft:dark_prismarine":11,"minecraft:light_gray_concrete":2,"waystones:waystone":1,"minecraft:writable_book":2,"bossominium:the_bossdexium":2,"minecraft:emerald":5,"minecraft:golden_horse_armor":1,"minecraft:bread":27,"alexsmobs:maggot":4,"minecraft:crafting_table":6,"minecraft:coarse_dirt":7,"minecraft:wooden_pickaxe":2,"minecraft:shield":2,"minecraft:cornflower":1,"minecraft:red_bed":6,"minecraft:wooden_sword":1,"hiccups_legacy:dragon_manual":3,"minecraft:iron_shovel":1,"minecraft:cyan_carpet":22,"minecraft:cracked_stone_bricks":3,"minecraft:beef":20,"minecraft:spruce_slab":3,"minecraft:chest":2,"minecraft:stone":1,"minecraft:sandstone":1,"minecraft:spruce_fence":11,"sophisticatedbackpacks:backpack":1,"minecraft:stone_button":2,"minecraft:dark_oak_planks":12,"minecraft:arrow":37,"minecraft:hay_block":70,"minecraft:yellow_terracotta":2,"minecraft:saddle":1,"minecraft:gold_ingot":11,"minecraft:white_wool":2,"minecraft:cut_sandstone":2,"minecraft:leather":9,"minecraft:birch_planks":9,"minecraft:yellow_bed":4,"minecraft:paper":3,"minecraft:spruce_wood":28,"minecraft:stone_pickaxe":2,"minecraft:iron_ingot":4,"tombstone:bag_of_seeds":2,"minecraft:dark_oak_stairs":1,"minecraft:book":6,"minecraft:dandelion":1,"minecraft:spyglass":1,"minecraft:red_banner":3,"minecraft:green_carpet":2,"minecraft:spider_eye":20,"minecraft:pumpkin_seeds":2,"minecraft:chainmail_leggings":1,"minecraft:terracotta":15,"tombstone:magic_scroll":1,"minecraft:dark_oak_wood":17,"minecraft:coal":50,"irons_spellbooks:scroll":3},"minecraft:dropped":{"minecraft:baked_potato":7,"minecraft:leather":2,"minecraft:iron_horse_armor":1,"minecraft:cracked_stone_bricks":3,"minecraft:saddle":3,"minecraft:dirt":1,"blue_skies:blue_journal":1,"minecraft:stone_button":2,"minecraft:dark_oak_wood":2,"alexsmobs:emu_feather":2,"minecraft:writable_book":2,"minecraft:wooden_sword":2,"minecraft:sand":44,"minecraft:cyan_carpet":12,"minecraft:bone":144,"minecraft:stone_axe":1,"minecraft:spyglass":1,"alexsmobs:animal_dictionary":3,"minecraft:wheat":3,"minecraft:rotten_flesh":19,"minecraft:oak_planks":1,"vampirism:vampire_fang":1,"minecraft:chest":1,"minecraft:chainmail_boots":1,"minecraft:spruce_wood":10,"minecraft:spruce_slab":3,"minecraft:enchanted_book":1,"minecraft:bread":8,"minecraft:iron_ingot":1,"minecraft:wheat_seeds":7,"minecraft:mossy_cobblestone":1,"minecraft:feather":1,"minecraft:cobblestone":2,"minecraft:book":41,"minecraft:spruce_stairs":1,"minecraft:acacia_log":1,"minecraft:chainmail_helmet":1,"minecraft:coal":6,"bossominium:the_bossdexium":2,"minecraft:diamond_horse_armor":1,"irons_spellbooks:scroll":2,"minecraft:cobweb":2,"tombstone:grave_key":4,"minecraft:wooden_axe":3,"minecraft:smooth_quartz":6,"minecraft:iron_door":2,"minecraft:map":4,"minecraft:smooth_stone":7,"minecraft:chainmail_leggings":1,"minecraft:paper":10,"minecraft:string":86,"minecraft:tripwire_hook":1,"dynamictrees:acacia_seed":1,"minecraft:acacia_planks":252,"minecraft:dandelion":1,"alexsmobs:maggot":3,"minecraft:coarse_dirt":1,"minecraft:stone_sword":1,"minecraft:red_banner":3,"sophisticatedbackpacks:backpack":2,"minecraft:light_gray_concrete":2,"minecraft:spruce_fence":7,"minecraft:pumpkin_seeds":3,"minecraft:suspicious_stew":2,"minecraft:diamond_sword":3,"minecraft:hay_block":16,"minecraft:stone":1,"minecraft:shield":1,"aether:chainmail_gloves":3,"minecraft:bundle":1,"minecraft:spruce_planks":11,"minecraft:spider_eye":18,"minecraft:bamboo":1,"minecraft:sandstone":1,"hiccups_legacy:dragon_manual":5,"minecraft:stone_pickaxe":1,"minecraft:wooden_pickaxe":2,"bossominium:guardian_sapling":1,"minecraft:dark_prismarine":1,"minecraft:black_wool":1,"minecraft:brick":10},"minecraft:used":{"minecraft:writable_book":2,"minecraft:iron_shovel":55,"minecraft:shield":160,"minecraft:stone":2,"minecraft:smooth_sandstone_stairs":1,"minecraft:spruce_wood":13,"minecraft:item_frame":1,"minecraft:bow":23,"minecraft:hay_block":8,"minecraft:potato":9,"minecraft:dark_oak_stairs":1,"minecraft:stone_pickaxe":132,"minecraft:oak_planks":4,"minecraft:wooden_pickaxe":56,"minecraft:white_wool":2,"minecraft:golden_apple":6,"minecraft:sand":27,"minecraft:yellow_terracotta":2,"minecraft:black_bed":4,"waystones:waystone":1,"minecraft:cyan_bed":28,"minecraft:bread":87,"minecraft:melon_slice":4,"minecraft:cyan_carpet":10,"dynamictrees:acacia_seed":9,"minecraft:diamond_sword":798,"minecraft:wooden_sword":19,"minecraft:coarse_dirt":7,"minecraft:stone_sword":18,"minecraft:acacia_log":1,"minecraft:spruce_planks":34,"minecraft:torch":43,"minecraft:dirt":8,"minecraft:spyglass":1,"minecraft:spruce_stairs":1,"minecraft:spruce_fence":3,"minecraft:wooden_axe":77,"minecraft:dark_oak_planks":59,"alexsmobs:maggot":3,"minecraft:chipped_anvil":1,"minecraft:bookshelf":1,"minecraft:smooth_quartz":72,"minecraft:golden_carrot":6,"minecraft:beef":20,"tombstone:gift":7,"minecraft:acacia_planks":319,"minecraft:birch_planks":7,"minecraft:baked_potato":14,"minecraft:cut_sandstone":2,"minecraft:green_bed":3,"minecraft:terracotta":15,"minecraft:crafting_table":12,"minecraft:red_bed":5,"minecraft:dark_prismarine":10,"minecraft:flower_pot":2,"minecraft:black_wool":1,"minecraft:apple":1,"minecraft:iron_pickaxe":64,"minecraft:spruce_pressure_plate":2,"minecraft:stone_axe":120,"minecraft:green_carpet":2,"minecraft:cobblestone":65,"minecraft:cooked_porkchop":4,"minecraft:jungle_door":1,"minecraft:yellow_bed":4,"alexsmobs:animal_dictionary":1,"alexsmobs:emu_egg":1},"minecraft:killed_by":{"minecraft:wither_skeleton":20,"hiccups_legacy:gronckle":1,"sackman:sackman":2,"the_impersonator:the_impersonator":3,"mimicer:mimicer":7,"vivilly_dweller:vivilly_dweller":6,"mimic_dweller:mimic_dweller":6,"minecraft:cave_spider":1,"krampus:krampus":3,"alexsmobs:skelewag":2,"jacky:jacky":8,"the_mangle:the_mangle":2,"simon_12:simon_12":2,"minecraft:skeleton":7,"assimilator:assimilator":4},"minecraft:killed":{"vampirism:vampire":3,"minecraft:cave_spider":14,"minecraft:spider":23,"minecraft:skeleton":5,"minecraft:zombie_villager":1,"minecraft:zombie":4,"minecraft:cow":9,"minecraft:husk":1,"alexsmobs:gazelle":2,"minecraft:wither_skeleton":70},"minecraft:broken":{"minecraft:stone_pickaxe":1,"minecraft:chainmail_chestplate":1,"minecraft:stone_axe":1,"minecraft:wooden_axe":1,"aether:chainmail_gloves":2,"minecraft:diamond_sword":2,"minecraft:stone_sword":1,"minecraft:chainmail_helmet":1,"minecraft:wooden_pickaxe":1,"minecraft:shield":2},"minecraft:crafted":{"minecraft:chest":1,"blue_skies:blue_journal":1,"sophisticatedbackpacks:backpack":2,"minecraft:crafting_table":6,"minecraft:spruce_planks":20,"minecraft:wooden_pickaxe":1,"minecraft:emerald_block":10,"minecraft:shield":2,"minecraft:stick":32,"minecraft:iron_ingot":2,"minecraft:iron_pickaxe":1,"minecraft:stone_sword":1,"minecraft:wooden_sword":1,"minecraft:stone_pickaxe":1,"minecraft:dark_oak_planks":48,"minecraft:wheat":423,"minecraft:diamond_sword":1,"minecraft:stone_axe":2,"minecraft:bread":141,"minecraft:air":0,"minecraft:wooden_axe":3,"minecraft:acacia_planks":176,"minecraft:torch":40}},"DataVersion":3120}