{"stats":{"minecraft:dropped":{"minecraft:dirt":1,"gravestone:obituary":4,"minecraft:sand":3},"minecraft:custom":{"minecraft:time_since_rest":478,"minecraft:damage_taken":2380,"minecraft:sprint_one_cm":59759,"minecraft:play_time":13319,"minecraft:deaths":9,"minecraft:walk_one_cm":29922,"minecraft:mob_kills":1,"minecraft:drop":8,"minecraft:jump":439,"minecraft:damage_dealt":213,"minecraft:leave_game":3,"minecraft:time_since_death":448,"minecraft:total_world_time":13319,"minecraft:fall_one_cm":11144,"minecraft:fly_one_cm":130232},"minecraft:used":{"minecraft:sand":11},"minecraft:killed":{"minecraft:spider":1},"minecraft:picked_up":{"minecraft:stick":4,"minecraft:sand":11,"minecraft:dirt":1,"minecraft:spider_eye":1,"alexsmobs:animal_dictionary":1},"minecraft:mined":{"gravestone:gravestone":6,"minecraft:dead_bush":4,"minecraft:sand":10,"minecraft:dirt":1},"minecraft:killed_by":{"decayingmobsbackport:limb_snatcher":2,"jacky:jacky":1,"decayingmobsbackport:weeping_chaser":4,"minecraft:zombie":1,"alexsmobs:tarantula_hawk":1}},"DataVersion":3120}