{"stats":{"minecraft:used":{"alexsmobs:emu_egg":8,"minecraft:moss_block":2,"minecraft:stone_sword":97,"minecraft:red_sand":20,"minecraft:acacia_log":13,"minecraft:chest":4,"minecraft:shield":11,"minecraft:white_terracotta":90,"minecraft:smooth_sandstone_stairs":2,"minecraft:oak_door":1,"minecraft:orange_bed":1,"minecraft:torch":22,"minecraft:dirt":23,"minecraft:jungle_planks":80,"minecraft:wooden_axe":34,"minecraft:flowering_azalea":2,"minecraft:iron_axe":70,"minecraft:acacia_slab":53,"minecraft:oak_sapling":5,"minecraft:furnace":4,"minecraft:acacia_wood":2,"minecraft:acacia_fence":1,"minecraft:acacia_planks":18,"minecraft:orange_terracotta":14,"minecraft:stripped_acacia_log":40,"minecraft:stone_pickaxe":343,"minecraft:smooth_sandstone_slab":2,"minecraft:wooden_pickaxe":59,"minecraft:green_bed":1,"minecraft:sand":14,"minecraft:terracotta":1,"minecraft:yellow_terracotta":9,"minecraft:lime_bed":11,"minecraft:crafting_table":9,"minecraft:light_gray_terracotta":3,"minecraft:acacia_stairs":1,"minecraft:acacia_door":3,"minecraft:bread":80,"minecraft:melon_slice":25,"minecraft:iron_pickaxe":277,"alexsmobs:kangaroo_meat":2,"minecraft:stone_axe":136,"minecraft:cobblestone":151,"minecraft:cooked_porkchop":1,"minecraft:jungle_door":2,"alexsmobs:animal_dictionary":1,"minecraft:coarse_dirt":2},"minecraft:crafted":{"minecraft:oak_door":3,"minecraft:oak_planks":36,"minecraft:furnace":2,"minecraft:iron_boots":1,"minecraft:iron_axe":1,"minecraft:stone_pickaxe":3,"minecraft:chest":3,"minecraft:wheat":261,"minecraft:cooked_beef":13,"sophisticatedbackpacks:backpack":1,"minecraft:cooked_porkchop":2,"minecraft:crafting_table":3,"minecraft:acacia_slab":42,"minecraft:wooden_pickaxe":1,"minecraft:iron_helmet":1,"minecraft:stone_axe":1,"minecraft:bread":87,"minecraft:air":0,"minecraft:jungle_planks":180,"minecraft:jungle_door":3,"minecraft:iron_chestplate":1,"minecraft:stick":4,"minecraft:iron_pickaxe":2,"minecraft:iron_ingot":119,"minecraft:wooden_axe":1,"minecraft:iron_block":9,"minecraft:stone_sword":1,"minecraft:iron_leggings":1,"minecraft:acacia_planks":80},"minecraft:dropped":{"minecraft:iron_ingot":5,"minecraft:bread":179,"minecraft:moss_block":2,"minecraft:wheat_seeds":12,"minecraft:cobblestone":4,"minecraft:jungle_planks":9,"minecraft:stick":5,"minecraft:dirt":7,"minecraft:wooden_axe":1,"minecraft:jungle_door":3,"gravestone:obituary":34,"minecraft:smooth_sandstone_slab":1,"minecraft:flowering_azalea":3,"minecraft:sand":7,"minecraft:iron_pickaxe":1,"minecraft:cactus":4,"minecraft:acacia_door":1,"minecraft:acacia_planks":1,"minecraft:stone_axe":3,"minecraft:sugar_cane":66,"alexsmobs:acacia_blossom":2,"minecraft:cobblestone_wall":5,"minecraft:stone_sword":2,"alexsmobs:animal_dictionary":3,"minecraft:smooth_stone_slab":4,"minecraft:rotten_flesh":6,"minecraft:stone_slab":4,"minecraft:acacia_stairs":2,"minecraft:poppy":6,"minecraft:lime_bed":3,"minecraft:azalea":5,"minecraft:acacia_sapling":12,"minecraft:chest":1,"minecraft:sandstone":1,"minecraft:stone_pickaxe":1,"minecraft:acacia_fence":2},"minecraft:mined":{"minecraft:yellow_terracotta":9,"minecraft:attached_melon_stem":1,"minecraft:oak_sapling":1,"gravestone:gravestone":18,"minecraft:red_sand":29,"minecraft:acacia_log":32,"minecraft:grass_block":13,"minecraft:jungle_planks":16,"minecraft:jungle_log":34,"minecraft:acacia_slab":13,"minecraft:moss_block":6,"minecraft:sandstone":1,"minecraft:hay_block":91,"minecraft:furnace":2,"minecraft:iron_ore":138,"minecraft:acacia_wood":2,"minecraft:acacia_stairs":2,"minecraft:bookshelf":5,"minecraft:dirt_path":1,"minecraft:deepslate_iron_ore":8,"minecraft:vine":7,"minecraft:stripped_acacia_log":42,"minecraft:azalea_leaves":3,"minecraft:stone":218,"minecraft:orange_bed":1,"minecraft:green_bed":1,"minecraft:glass_pane":1,"minecraft:jungle_door":1,"minecraft:orange_terracotta":14,"minecraft:crafting_table":6,"minecraft:torch":7,"minecraft:light_gray_terracotta":3,"minecraft:emerald_ore":20,"minecraft:melon":13,"minecraft:chest":3,"minecraft:dead_bush":8,"minecraft:stone_slab":4,"minecraft:tall_grass":2,"minecraft:cobblestone":33,"minecraft:deepslate_coal_ore":2,"minecraft:sugar_cane":16,"minecraft:wall_torch":14,"minecraft:white_terracotta":110,"minecraft:lime_bed":10,"minecraft:coarse_dirt":6,"minecraft:cobblestone_wall":5,"minecraft:wheat":3,"minecraft:smooth_stone_slab":2,"minecraft:grass":5,"minecraft:oak_log":10,"minecraft:coal_ore":89,"minecraft:acacia_fence":1,"minecraft:acacia_door":4,"minecraft:sand":14,"minecraft:dirt":9,"minecraft:terracotta":1,"minecraft:acacia_planks":9,"minecraft:oak_leaves":2,"minecraft:fern":1},"minecraft:picked_up":{"minecraft:crafting_table":6,"minecraft:coarse_dirt":6,"minecraft:wheat":2,"minecraft:stone_slab":4,"gravestone:obituary":17,"minecraft:shield":1,"minecraft:string":6,"minecraft:smooth_stone_slab":4,"minecraft:acacia_door":4,"minecraft:red_sand":22,"minecraft:beef":18,"minecraft:azalea":5,"minecraft:poppy":6,"minecraft:iron_pickaxe":1,"minecraft:sugar_cane":99,"minecraft:melon_slice":69,"minecraft:chest":3,"minecraft:furnace":2,"minecraft:stick":38,"minecraft:raw_iron":186,"minecraft:sandstone":1,"minecraft:jungle_door":2,"minecraft:acacia_fence":5,"minecraft:torch":24,"minecraft:acacia_log":31,"minecraft:green_bed":1,"minecraft:porkchop":2,"minecraft:smooth_sandstone_slab":3,"minecraft:orange_bed":1,"minecraft:stone_sword":2,"minecraft:arrow":2,"minecraft:cactus":4,"minecraft:rotten_flesh":6,"minecraft:hay_block":107,"minecraft:yellow_terracotta":9,"alexsmobs:emu_egg":10,"minecraft:gold_ingot":2,"minecraft:white_terracotta":109,"alexsmobs:kangaroo_meat":2,"minecraft:cobblestone":253,"minecraft:lime_bed":15,"minecraft:jungle_log":45,"minecraft:leather":10,"alexsmobs:acacia_blossom":2,"minecraft:acacia_wood":2,"minecraft:oak_log":9,"minecraft:smooth_sandstone_stairs":2,"minecraft:cobblestone_wall":5,"minecraft:dirt":30,"minecraft:orange_terracotta":14,"minecraft:bone":4,"minecraft:acacia_planks":10,"minecraft:apple":1,"minecraft:wheat_seeds":18,"minecraft:stone_pickaxe":3,"minecraft:moss_block":4,"minecraft:acacia_sapling":12,"minecraft:flowering_azalea":5,"minecraft:book":15,"minecraft:sand":18,"minecraft:jungle_planks":62,"minecraft:acacia_stairs":3,"minecraft:spider_eye":1,"alexsmobs:animal_dictionary":1,"minecraft:light_gray_terracotta":3,"minecraft:stripped_acacia_log":42,"alexsmobs:kangaroo_hide":1,"minecraft:stone_axe":3,"minecraft:emerald":20,"minecraft:bread":220,"minecraft:terracotta":1,"minecraft:oak_sapling":5,"minecraft:acacia_slab":14,"minecraft:melon_seeds":1,"minecraft:coal":152},"minecraft:custom":{"minecraft:interact_with_smithing_table":5,"minecraft:mob_kills":19,"minecraft:interact_with_crafting_table":56,"minecraft:leave_game":22,"minecraft:time_since_death":29480,"minecraft:climb_one_cm":440,"minecraft:sprint_one_cm":973109,"minecraft:walk_one_cm":460647,"minecraft:damage_blocked_by_shield":720,"minecraft:drop":126,"minecraft:talked_to_villager":6,"minecraft:play_time":382315,"minecraft:sneak_time":44337,"minecraft:deaths":23,"minecraft:walk_under_water_one_cm":31465,"minecraft:jump":7145,"minecraft:interact_with_blast_furnace":1,"minecraft:walk_on_water_one_cm":35833,"minecraft:total_world_time":382315,"minecraft:interact_with_furnace":57,"minecraft:sleep_in_bed":29,"minecraft:time_since_rest":12817,"minecraft:damage_taken":8632,"minecraft:damage_dealt":3178,"minecraft:swim_one_cm":50009,"minecraft:fly_one_cm":1651970,"minecraft:open_chest":45,"minecraft:crouch_one_cm":104155,"minecraft:interact_with_smoker":18,"minecraft:fall_one_cm":198583},"minecraft:killed":{"minecraft:spider":2,"alexsmobs:kangaroo":2,"alexsmobs:guster":1,"minecraft:pig":2,"alexsmobs:emu":1,"minecraft:cow":10},"minecraft:killed_by":{"pale_hound:pale_hound":1,"jacky:jacky":1,"the_impersonator:the_impersonator":4,"vivilly_dweller:vivilly_dweller":1,"mimic_dweller:mimic_dweller":1,"minecraft:zombie":1,"alexsmobs:tarantula_hawk":1,"assimilator:assimilator":1,"krampus:krampus":1},"minecraft:broken":{"minecraft:wooden_pickaxe":1,"minecraft:stone_pickaxe":3,"minecraft:stone_axe":1,"minecraft:iron_pickaxe":1}},"DataVersion":3120}