{"stats":{"minecraft:killed":{"minecraft:spider":1},"minecraft:broken":{"minecraft:wooden_pickaxe":1},"minecraft:picked_up":{"minecraft:lime_bed":6,"minecraft:crafting_table":3,"minecraft:jungle_log":33,"minecraft:smooth_sandstone_stairs":2,"gravestone:obituary":9,"minecraft:dirt":2,"minecraft:string":2,"minecraft:orange_terracotta":5,"minecraft:bone":2,"minecraft:red_sand":20,"minecraft:azalea":1,"minecraft:poppy":6,"minecraft:moss_block":2,"minecraft:sugar_cane":27,"minecraft:chest":2,"minecraft:flowering_azalea":2,"minecraft:stick":20,"minecraft:jungle_door":2,"minecraft:torch":9,"minecraft:green_bed":1,"minecraft:sand":13,"minecraft:spider_eye":1,"alexsmobs:animal_dictionary":1,"minecraft:smooth_sandstone_slab":3,"minecraft:light_gray_terracotta":3,"minecraft:arrow":1,"minecraft:rotten_flesh":1,"minecraft:hay_block":106,"minecraft:yellow_terracotta":1,"alexsmobs:emu_egg":4,"minecraft:gold_ingot":1,"minecraft:bread":163,"minecraft:white_terracotta":2,"minecraft:terracotta":1,"minecraft:cobblestone":85},"minecraft:killed_by":{"decayingmobsbackport:weeping_chaser":4,"minecraft:zombie":1,"alexsmobs:tarantula_hawk":1,"thebeastinthedark:the_dark_beast":1,"the_impersonator:the_impersonator":1,"jacky:jacky":1,"decayingmobsbackport:limb_snatcher":2},"minecraft:dropped":{"minecraft:bread":151,"minecraft:moss_block":1,"alexsmobs:animal_dictionary":3,"minecraft:rotten_flesh":1,"minecraft:poppy":6,"minecraft:lime_bed":1,"minecraft:dirt":1,"minecraft:jungle_door":1,"minecraft:azalea":1,"gravestone:obituary":15,"minecraft:smooth_sandstone_slab":1,"minecraft:sand":4},"minecraft:used":{"alexsmobs:emu_egg":4,"minecraft:moss_block":1,"minecraft:red_sand":18,"minecraft:stone_pickaxe":42,"minecraft:smooth_sandstone_slab":2,"minecraft:chest":2,"minecraft:wooden_pickaxe":59,"minecraft:white_terracotta":2,"minecraft:green_bed":1,"minecraft:smooth_sandstone_stairs":2,"minecraft:torch":8,"minecraft:dirt":1,"minecraft:terracotta":1,"minecraft:sand":12,"minecraft:crafting_table":4,"minecraft:lime_bed":5,"minecraft:light_gray_terracotta":3,"minecraft:wooden_axe":32,"minecraft:flowering_azalea":2,"minecraft:bread":22,"minecraft:cobblestone":9,"minecraft:jungle_door":2,"alexsmobs:animal_dictionary":1,"minecraft:orange_terracotta":5},"minecraft:mined":{"minecraft:yellow_terracotta":1,"minecraft:jungle_door":1,"minecraft:orange_terracotta":5,"minecraft:light_gray_terracotta":3,"minecraft:crafting_table":3,"minecraft:torch":1,"gravestone:gravestone":7,"minecraft:red_sand":21,"minecraft:chest":2,"minecraft:jungle_log":26,"minecraft:dead_bush":6,"minecraft:sugar_cane":14,"minecraft:moss_block":3,"minecraft:wall_torch":6,"minecraft:white_terracotta":2,"minecraft:hay_block":90,"minecraft:lime_bed":3,"minecraft:sand":11,"minecraft:dirt":2,"minecraft:terracotta":1,"minecraft:azalea_leaves":3,"minecraft:stone":85,"minecraft:green_bed":1},"minecraft:crafted":{"minecraft:crafting_table":1,"minecraft:wooden_pickaxe":1,"minecraft:bread":30,"minecraft:jungle_planks":132,"minecraft:jungle_door":3,"minecraft:stone_pickaxe":1,"minecraft:wooden_axe":1,"minecraft:wheat":90},"minecraft:custom":{"minecraft:mob_kills":1,"minecraft:interact_with_crafting_table":7,"minecraft:leave_game":4,"minecraft:time_since_death":6608,"minecraft:sleep_in_bed":5,"minecraft:climb_one_cm":344,"minecraft:time_since_rest":6723,"minecraft:sprint_one_cm":304971,"minecraft:damage_taken":3553,"minecraft:walk_one_cm":120911,"minecraft:drop":42,"minecraft:damage_dealt":287,"minecraft:swim_one_cm":8488,"minecraft:fly_one_cm":598060,"minecraft:open_chest":16,"minecraft:crouch_one_cm":1355,"minecraft:play_time":77407,"minecraft:deaths":12,"minecraft:sneak_time":1683,"minecraft:walk_under_water_one_cm":790,"minecraft:jump":2036,"minecraft:interact_with_blast_furnace":1,"minecraft:walk_on_water_one_cm":6014,"minecraft:total_world_time":77407,"minecraft:fall_one_cm":56834}},"DataVersion":3120}