{"stats":{"minecraft:broken":{"minecraft:wooden_pickaxe":1,"minecraft:stone_pickaxe":3},"minecraft:custom":{"minecraft:interact_with_smithing_table":2,"minecraft:mob_kills":4,"minecraft:interact_with_crafting_table":28,"minecraft:leave_game":9,"minecraft:time_since_death":7029,"minecraft:climb_one_cm":344,"minecraft:sprint_one_cm":708871,"minecraft:walk_one_cm":291721,"minecraft:drop":99,"minecraft:play_time":247131,"minecraft:deaths":20,"minecraft:sneak_time":37652,"minecraft:walk_under_water_one_cm":31088,"minecraft:jump":5262,"minecraft:interact_with_blast_furnace":1,"minecraft:walk_on_water_one_cm":29754,"minecraft:total_world_time":247131,"minecraft:interact_with_furnace":28,"minecraft:sleep_in_bed":23,"minecraft:time_since_rest":7164,"minecraft:damage_taken":6671,"minecraft:damage_dealt":733,"minecraft:swim_one_cm":50009,"minecraft:fly_one_cm":1387019,"minecraft:open_chest":23,"minecraft:crouch_one_cm":90315,"minecraft:interact_with_smoker":7,"minecraft:fall_one_cm":155262},"minecraft:killed_by":{"decayingmobsbackport:weeping_chaser":4,"pale_hound:pale_hound":1,"the_impersonator:the_impersonator":1,"jacky:jacky":1,"decayingmobsbackport:limb_snatcher":3,"vivilly_dweller:vivilly_dweller":1,"mimic_dweller:mimic_dweller":1,"minecraft:zombie":1,"alexsmobs:tarantula_hawk":1,"thebeastinthedark:the_dark_beast":1,"assimilator:assimilator":1,"krampus:krampus":1},"minecraft:killed":{"minecraft:spider":1,"alexsmobs:guster":1,"minecraft:pig":2},"minecraft:used":{"alexsmobs:emu_egg":7,"minecraft:moss_block":2,"minecraft:red_sand":20,"minecraft:stone_sword":30,"minecraft:acacia_log":1,"minecraft:chest":3,"minecraft:white_terracotta":57,"minecraft:smooth_sandstone_stairs":2,"minecraft:orange_bed":1,"minecraft:torch":21,"minecraft:dirt":8,"minecraft:jungle_planks":60,"minecraft:wooden_axe":34,"minecraft:flowering_azalea":2,"minecraft:furnace":2,"minecraft:acacia_wood":2,"minecraft:acacia_planks":10,"minecraft:orange_terracotta":5,"minecraft:stone_pickaxe":343,"minecraft:smooth_sandstone_slab":2,"minecraft:wooden_pickaxe":59,"minecraft:green_bed":1,"minecraft:sand":14,"minecraft:terracotta":1,"minecraft:yellow_terracotta":1,"minecraft:lime_bed":11,"minecraft:crafting_table":8,"minecraft:light_gray_terracotta":3,"minecraft:acacia_door":1,"minecraft:bread":60,"minecraft:iron_pickaxe":149,"minecraft:stone_axe":41,"minecraft:cobblestone":114,"minecraft:jungle_door":2,"alexsmobs:animal_dictionary":1},"minecraft:crafted":{"minecraft:furnace":2,"minecraft:iron_boots":1,"minecraft:stone_pickaxe":3,"minecraft:chest":1,"minecraft:wheat":261,"minecraft:cooked_porkchop":2,"minecraft:crafting_table":3,"minecraft:wooden_pickaxe":1,"minecraft:iron_helmet":1,"minecraft:stone_axe":1,"minecraft:bread":87,"minecraft:air":0,"minecraft:jungle_planks":148,"minecraft:jungle_door":3,"minecraft:iron_chestplate":1,"minecraft:stick":4,"minecraft:iron_ingot":59,"minecraft:iron_pickaxe":1,"minecraft:wooden_axe":1,"minecraft:stone_sword":1,"minecraft:iron_leggings":1,"minecraft:acacia_planks":72},"minecraft:dropped":{"minecraft:bread":179,"minecraft:moss_block":1,"minecraft:cobblestone":4,"minecraft:jungle_planks":9,"minecraft:dirt":2,"minecraft:wooden_axe":1,"minecraft:jungle_door":3,"gravestone:obituary":31,"minecraft:flowering_azalea":3,"minecraft:smooth_sandstone_slab":1,"minecraft:sand":7,"minecraft:iron_pickaxe":1,"minecraft:cactus":4,"minecraft:acacia_door":1,"minecraft:stone_axe":1,"decayingmobsbackport:eyeball":2,"decayingmobsbackport:spirit_of_the_snatcher":1,"alexsmobs:acacia_blossom":2,"alexsmobs:animal_dictionary":3,"minecraft:cobblestone_wall":5,"minecraft:smooth_stone_slab":4,"minecraft:rotten_flesh":1,"minecraft:stone_slab":4,"minecraft:poppy":6,"minecraft:lime_bed":3,"minecraft:chest":1,"minecraft:azalea":5,"minecraft:acacia_sapling":9,"minecraft:sandstone":1,"minecraft:stone_pickaxe":1,"minecraft:acacia_fence":2},"minecraft:mined":{"minecraft:yellow_terracotta":1,"gravestone:gravestone":15,"minecraft:red_sand":29,"minecraft:acacia_log":20,"minecraft:jungle_planks":14,"minecraft:jungle_log":26,"minecraft:moss_block":5,"minecraft:sandstone":1,"minecraft:hay_block":91,"minecraft:iron_ore":99,"minecraft:acacia_wood":2,"minecraft:bookshelf":5,"minecraft:deepslate_iron_ore":2,"minecraft:azalea_leaves":3,"minecraft:stone":206,"minecraft:green_bed":1,"minecraft:orange_bed":1,"minecraft:jungle_door":1,"minecraft:orange_terracotta":5,"minecraft:crafting_table":5,"minecraft:torch":7,"minecraft:light_gray_terracotta":3,"minecraft:emerald_ore":15,"minecraft:melon":8,"minecraft:chest":3,"minecraft:dead_bush":8,"minecraft:stone_slab":4,"minecraft:cobblestone":29,"minecraft:sugar_cane":16,"minecraft:wall_torch":13,"minecraft:white_terracotta":84,"minecraft:lime_bed":10,"minecraft:cobblestone_wall":5,"minecraft:smooth_stone_slab":2,"minecraft:coal_ore":77,"minecraft:acacia_door":2,"minecraft:sand":14,"minecraft:dirt":4,"minecraft:terracotta":1,"minecraft:acacia_planks":3},"minecraft:picked_up":{"minecraft:crafting_table":5,"minecraft:stone_slab":4,"gravestone:obituary":17,"minecraft:shield":1,"minecraft:string":4,"minecraft:smooth_stone_slab":4,"minecraft:acacia_door":2,"minecraft:red_sand":22,"decayingmobsbackport:eyeball":2,"minecraft:azalea":5,"minecraft:poppy":6,"minecraft:iron_pickaxe":1,"minecraft:chest":3,"minecraft:melon_slice":44,"minecraft:sugar_cane":66,"minecraft:sandstone":1,"minecraft:stick":38,"minecraft:raw_iron":100,"minecraft:jungle_door":2,"minecraft:acacia_fence":4,"minecraft:acacia_log":19,"minecraft:torch":23,"minecraft:green_bed":1,"minecraft:porkchop":2,"minecraft:smooth_sandstone_slab":3,"minecraft:orange_bed":1,"minecraft:arrow":2,"minecraft:stone_sword":1,"minecraft:cactus":4,"minecraft:rotten_flesh":3,"minecraft:hay_block":107,"minecraft:yellow_terracotta":1,"alexsmobs:emu_egg":9,"minecraft:gold_ingot":2,"minecraft:white_terracotta":84,"minecraft:cobblestone":237,"minecraft:lime_bed":15,"minecraft:jungle_log":37,"alexsmobs:acacia_blossom":2,"minecraft:acacia_wood":2,"minecraft:smooth_sandstone_stairs":2,"minecraft:cobblestone_wall":5,"minecraft:dirt":10,"minecraft:orange_terracotta":5,"minecraft:bone":4,"minecraft:acacia_planks":3,"minecraft:wheat_seeds":5,"minecraft:stone_pickaxe":3,"minecraft:moss_block":3,"minecraft:acacia_sapling":9,"minecraft:flowering_azalea":5,"minecraft:book":15,"decayingmobsbackport:spirit_of_the_snatcher":1,"minecraft:jungle_planks":60,"minecraft:sand":18,"alexsmobs:animal_dictionary":1,"minecraft:spider_eye":1,"minecraft:light_gray_terracotta":3,"minecraft:stone_axe":1,"minecraft:emerald":15,"minecraft:bread":220,"minecraft:terracotta":1,"minecraft:coal":75}},"DataVersion":3120}