{"stats":{"minecraft:dropped":{"minecraft:stone_axe":1,"minecraft:wheat_seeds":1,"alexsmobs:animal_dictionary":1,"minecraft:rotten_flesh":2,"minecraft:shield":1,"gravestone:obituary":1,"alexsmobs:banana":1,"minecraft:acacia_door":1,"minecraft:bucket":1},"minecraft:crafted":{"minecraft:crafting_table":1,"minecraft:wooden_pickaxe":1,"minecraft:furnace":2,"minecraft:bucket":2,"minecraft:stone_axe":2,"minecraft:air":0,"minecraft:jungle_planks":4,"minecraft:shield":2,"minecraft:stick":12,"minecraft:iron_ingot":29,"minecraft:stone_pickaxe":2,"minecraft:chest":2,"minecraft:acacia_planks":20,"minecraft:torch":8},"minecraft:used":{"minecraft:red_sand":2,"minecraft:stone_pickaxe":165,"minecraft:chest":2,"minecraft:wooden_pickaxe":15,"minecraft:torch":10,"minecraft:dirt":3,"minecraft:sand":26,"minecraft:crafting_table":2,"minecraft:lime_bed":1,"minecraft:granite":5,"minecraft:acacia_stairs":1,"minecraft:bread":4,"minecraft:stone_axe":74,"minecraft:cobblestone":3,"minecraft:furnace":2,"alexsmobs:animal_dictionary":2,"minecraft:acacia_planks":5},"minecraft:killed_by":{"decayingmobsbackport:weeping_chaser":2,"thebeastinthedark:the_dark_beast":1,"jacky:jacky":1,"assimilator:assimilator":1},"minecraft:picked_up":{"minecraft:cocoa_beans":6,"minecraft:lime_bed":1,"minecraft:crafting_table":1,"minecraft:wheat":1,"minecraft:andesite":1,"minecraft:jungle_log":56,"minecraft:smithing_table":1,"gravestone:obituary":2,"minecraft:dirt":10,"minecraft:acacia_door":1,"minecraft:acacia_planks":5,"minecraft:red_sand":2,"minecraft:wheat_seeds":21,"alexsmobs:banana":2,"minecraft:jungle_sapling":5,"minecraft:lectern":1,"minecraft:acacia_sapling":1,"minecraft:book":9,"minecraft:stick":2,"minecraft:raw_iron":29,"minecraft:acacia_log":5,"minecraft:torch":3,"minecraft:green_bed":1,"minecraft:jungle_planks":64,"minecraft:sand":34,"minecraft:acacia_stairs":1,"minecraft:rotten_flesh":4,"minecraft:granite":5,"minecraft:bread":26,"minecraft:melon_seeds":1,"minecraft:coal":22,"minecraft:andesite_slab":1,"minecraft:cobblestone":117},"minecraft:broken":{"minecraft:stone_pickaxe":1},"minecraft:mined":{"minecraft:smithing_table":1,"minecraft:crafting_table":1,"minecraft:torch":1,"gravestone:gravestone":2,"minecraft:granite":6,"minecraft:red_sand":2,"minecraft:acacia_log":8,"minecraft:grass_block":2,"minecraft:jungle_log":56,"minecraft:lectern":1,"minecraft:tall_grass":2,"minecraft:wall_torch":1,"minecraft:lime_bed":2,"minecraft:acacia_sapling":1,"minecraft:iron_ore":29,"minecraft:wheat":10,"minecraft:acacia_stairs":1,"minecraft:grass":2,"minecraft:bookshelf":3,"minecraft:coal_ore":23,"minecraft:vine":5,"minecraft:dirt_path":1,"minecraft:sand":26,"minecraft:dirt":7,"minecraft:acacia_planks":5,"minecraft:stone":118,"minecraft:oak_leaves":11,"minecraft:green_bed":1},"minecraft:custom":{"minecraft:interact_with_furnace":15,"minecraft:interact_with_crafting_table":15,"minecraft:leave_game":1,"minecraft:time_since_death":906,"minecraft:sleep_in_bed":4,"minecraft:climb_one_cm":1183,"minecraft:time_since_rest":949,"minecraft:sprint_one_cm":123464,"minecraft:damage_taken":1260,"minecraft:walk_one_cm":149449,"minecraft:drop":9,"minecraft:damage_dealt":31,"minecraft:swim_one_cm":4231,"minecraft:fly_one_cm":203174,"minecraft:open_chest":10,"minecraft:crouch_one_cm":5919,"minecraft:play_time":58306,"minecraft:deaths":5,"minecraft:sneak_time":1752,"minecraft:walk_under_water_one_cm":299,"minecraft:jump":1471,"minecraft:walk_on_water_one_cm":220,"minecraft:total_world_time":58306,"minecraft:fall_one_cm":33015}},"DataVersion":3120}